Symbol,BASE,QUOTE,basePrecision,quotePrecision,tickSize,stepSize,marketStepSize,minQty,marketMinQty,maxQty,marketMaxQty,minNotional,ASK,BID,updatedAt
ETHBTC,ETH,BTC,8,8,0.00001000,0.00010000,0.00000000,0.00010000,0.00000000,100000.00000000,798.37880376,0.00010000,0.03853000,0.03852000,2025-09-16 20:20:41
LTCBTC,LTC,BTC,8,8,0.00000100,0.00100000,0.00000000,0.00100000,0.00000000,100000.00000000,3015.60860251,0.00010000,0.00099000,0.00098900,2025-09-16 20:20:41
BNBBTC,BNB,BTC,8,8,0.00000100,0.00100000,0.00000000,0.00100000,0.00000000,100000.00000000,1630.52982008,0.00010000,0.00817400,0.00817300,2025-09-16 20:20:41
NEOBTC,NEO,BTC,8,8,0.00000001,0.01000000,0.00000000,0.01000000,0.00000000,100000.00000000,2403.90096234,0.00010000,0.00005719,0.00005711,2025-09-16 20:20:41
QTUMETH,QTUM,ETH,8,8,0.00000100,0.10000000,0.00000000,0.10000000,0.00000000,90000000.00000000,19023.38075313,0.00100000,0.00054400,0.00054100,2025-09-16 20:20:41
GASBTC,GAS,BTC,8,8,0.00000010,0.10000000,0.00000000,0.10000000,0.00000000,90000000.00000000,2878.24728033,0.00010000,0.00002840,0.00002830,2025-09-16 20:20:41
BNBETH,BNB,ETH,8,8,0.00010000,0.00100000,0.00000000,0.00100000,0.00000000,9000000.00000000,953.65585355,0.00100000,0.21220000,0.21210000,2025-09-16 20:20:41
LRCBTC,LRC,BTC,8,8,0.00000001,1.00000000,0.00000000,1.00000000,0.00000000,90000000.00000000,244013.29707112,0.00010000,0.00000081,0.00000080,2025-09-16 20:20:41
LRCETH,LRC,ETH,8,8,0.00000001,1.00000000,0.00000000,1.00000000,0.00000000,90000000.00000000,103997.82008368,0.00100000,0.00002101,0.00002096,2025-09-16 20:20:41
QTUMBTC,QTUM,BTC,8,8,0.00000001,0.10000000,0.00000000,0.10000000,0.00000000,90000000.00000000,19730.61757322,0.00010000,0.00002087,0.00002084,2025-09-16 20:20:41
ZRXBTC,ZRX,BTC,8,8,0.00000001,1.00000000,0.00000000,1.00000000,0.00000000,90000000.00000000,38618.00000000,0.00010000,0.00000231,0.00000230,2025-09-16 20:20:41
KNCBTC,KNC,BTC,8,8,0.00000001,0.10000000,0.00000000,0.10000000,0.00000000,90000000.00000000,34858.93221757,0.00010000,0.00000323,0.00000322,2025-09-16 20:20:41
IOTABTC,IOTA,BTC,8,8,0.00000001,1.00000000,0.00000000,1.00000000,0.00000000,90000000.00000000,277449.49790794,0.00010000,0.00000163,0.00000162,2025-09-16 20:20:41
IOTAETH,IOTA,ETH,8,8,0.00000001,1.00000000,0.00000000,1.00000000,0.00000000,90000000.00000000,32552.03333333,0.00100000,0.00004235,0.00004203,2025-09-16 20:20:41
LINKBTC,LINK,BTC,8,8,0.00000010,0.01000000,0.00000000,0.01000000,0.00000000,90000000.00000000,11525.96891213,0.00010000,0.00020280,0.00020270,2025-09-16 20:20:41
LINKETH,LINK,ETH,8,8,0.00000100,0.01000000,0.00000000,0.01000000,0.00000000,92141578.00000000,11413.58012552,0.00100000,0.00526200,0.00526100,2025-09-16 20:20:41
XVGETH,XVG,ETH,8,8,0.00000001,1.00000000,0.00000000,1.00000000,0.00000000,90000000.00000000,2936371.92887029,0.00100000,0.00000131,0.00000130,2025-09-16 20:20:41
MTLBTC,MTL,BTC,8,8,0.00000001,0.10000000,0.00000000,0.10000000,0.00000000,90000000.00000000,7667.15690376,0.00010000,0.00000633,0.00000632,2025-09-16 20:20:41
ETCETH,ETC,ETH,8,8,0.00001000,0.01000000,0.00000000,0.01000000,0.00000000,92141578.00000000,398.25991631,0.00100000,0.00457000,0.00455000,2025-09-16 20:20:41
ETCBTC,ETC,BTC,8,8,0.00000010,0.01000000,0.00000000,0.01000000,0.00000000,90000000.00000000,4594.84196652,0.00010000,0.00017580,0.00017570,2025-09-16 20:20:41
ZECBTC,ZEC,BTC,8,8,0.00000010,0.00100000,0.00000000,0.00100000,0.00000000,10000000.00000000,443.60121757,0.00010000,0.00044650,0.00044490,2025-09-16 20:20:41
ZECETH,ZEC,ETH,8,8,0.00001000,0.00100000,0.00000000,0.00100000,0.00000000,9000000.00000000,113.86430125,0.00100000,0.01161000,0.01155000,2025-09-16 20:20:41
DASHBTC,DASH,BTC,8,8,0.00000010,0.00100000,0.00000000,0.00100000,0.00000000,10000000.00000000,282.11323012,0.00010000,0.00020420,0.00020350,2025-09-16 20:20:41
DASHETH,DASH,ETH,8,8,0.00001000,0.00100000,0.00000000,0.00100000,0.00000000,9000000.00000000,576.42485774,0.00100000,0.00530000,0.00527000,2025-09-16 20:20:41
REQBTC,REQ,BTC,8,8,0.00000001,1.00000000,0.00000000,1.00000000,0.00000000,90000000.00000000,107439.72384937,0.00010000,0.00000110,0.00000109,2025-09-16 20:20:41
TRXBTC,TRX,BTC,8,8,0.00000001,1.00000000,0.00000000,1.00000000,0.00000000,90000000.00000000,9811930.45188284,0.00010000,0.00000294,0.00000293,2025-09-16 20:20:41
TRXETH,TRX,ETH,8,8,0.00000001,1.00000000,0.00000000,1.00000000,0.00000000,90000000.00000000,307155.56903765,0.00100000,0.00007625,0.00007622,2025-09-16 20:20:41
POWRBTC,POWR,BTC,8,8,0.00000001,1.00000000,0.00000000,1.00000000,0.00000000,90000000.00000000,69940.48117154,0.00010000,0.00000142,0.00000140,2025-09-16 20:20:41
POWRETH,POWR,ETH,8,8,0.00000010,1.00000000,0.00000000,1.00000000,0.00000000,90000000.00000000,33244.94979079,0.00100000,0.00003670,0.00003650,2025-09-16 20:20:41
XRPBTC,XRP,BTC,8,8,0.00000001,0.10000000,0.00000000,0.10000000,0.00000000,90000000.00000000,424362.25439330,0.00010000,0.00002614,0.00002613,2025-09-16 20:20:41
XRPETH,XRP,ETH,8,8,0.00000010,0.10000000,0.00000000,0.10000000,0.00000000,90000000.00000000,83303.00794979,0.00100000,0.00067850,0.00067840,2025-09-16 20:20:41
ENJBTC,ENJ,BTC,8,8,0.00000001,0.10000000,0.00000000,0.10000000,0.00000000,90000000.00000000,604662.59079497,0.00010000,0.00000060,0.00000059,2025-09-16 20:20:41
STORJBTC,STORJ,BTC,8,8,0.00000001,1.00000000,0.00000000,1.00000000,0.00000000,90000000.00000000,43884.37656903,0.00010000,0.00000222,0.00000221,2025-09-16 20:20:41
BATBTC,BAT,BTC,8,8,0.00000001,1.00000000,0.00000000,1.00000000,0.00000000,90000000.00000000,166715.83682008,0.00010000,0.00000135,0.00000134,2025-09-16 20:20:41
LSKBTC,LSK,BTC,8,8,0.00000001,0.10000000,0.00000000,0.10000000,0.00000000,90000000.00000000,19388.14602510,0.00010000,0.00000311,0.00000309,2025-09-16 20:20:41
MANABTC,MANA,BTC,8,8,0.00000001,1.00000000,0.00000000,1.00000000,0.00000000,90000000.00000000,68555.12133891,0.00010000,0.00000295,0.00000294,2025-09-16 20:20:41
MANAETH,MANA,ETH,8,8,0.00000010,1.00000000,0.00000000,1.00000000,0.00000000,90000000.00000000,39720.44351464,0.00100000,0.00007680,0.00007620,2025-09-16 20:20:41
ADXBTC,ADX,BTC,8,8,0.00000001,1.00000000,0.00000000,1.00000000,0.00000000,90000000.00000000,134568.86610878,0.00010000,0.00000106,0.00000105,2025-09-16 20:20:41
ADXETH,ADX,ETH,8,8,0.00000001,1.00000000,0.00000000,1.00000000,0.00000000,90000000.00000000,20497.49372384,0.00100000,0.00002735,0.00002733,2025-09-16 20:20:41
ADABTC,ADA,BTC,8,8,0.00000001,0.10000000,0.00000000,0.10000000,0.00000000,90000000.00000000,771709.34895397,0.00010000,0.00000753,0.00000752,2025-09-16 20:20:41
ADAETH,ADA,ETH,8,8,0.00000010,0.10000000,0.00000000,0.10000000,0.00000000,90000000.00000000,165089.77949790,0.00100000,0.00019550,0.00019540,2025-09-16 20:20:41
XLMBTC,XLM,BTC,8,8,0.00000001,1.00000000,0.00000000,1.00000000,0.00000000,90000000.00000000,1143518.43933054,0.00010000,0.00000334,0.00000333,2025-09-16 20:20:41
XLMETH,XLM,ETH,8,8,0.00000001,1.00000000,0.00000000,1.00000000,0.00000000,90000000.00000000,31147.49790794,0.00100000,0.00008661,0.00008656,2025-09-16 20:20:41
LTCETH,LTC,ETH,8,8,0.00001000,0.00100000,0.00000000,0.00100000,0.00000000,9000000.00000000,257.35489539,0.00100000,0.02568000,0.02567000,2025-09-16 20:20:41
LTCBNB,LTC,BNB,8,8,0.00010000,0.00100000,0.00000000,0.00100000,0.00000000,900000.00000000,45.47313807,0.01000000,0.12110000,0.12090000,2025-09-16 20:20:41
ICXBTC,ICX,BTC,8,8,0.00000001,1.00000000,0.00000000,1.00000000,0.00000000,90000000.00000000,151812.76150627,0.00010000,0.00000112,0.00000110,2025-09-16 20:20:41
RLCBTC,RLC,BTC,8,8,0.00000001,0.10000000,0.00000000,0.10000000,0.00000000,90000000.00000000,5082.64309623,0.00010000,0.00001074,0.00001072,2025-09-16 20:20:41
RLCETH,RLC,ETH,8,8,0.00000010,0.10000000,0.00000000,0.10000000,0.00000000,90000000.00000000,8997.97500000,0.00100000,0.00028060,0.00027750,2025-09-16 20:20:41
PIVXBTC,PIVX,BTC,8,8,0.00000001,1.00000000,0.00000000,1.00000000,0.00000000,90000000.00000000,143466.21338912,0.00010000,0.00000119,0.00000118,2025-09-16 20:20:41
STEEMBTC,STEEM,BTC,8,8,0.00000001,1.00000000,0.00000000,1.00000000,0.00000000,90000000.00000000,535802.16736401,0.00010000,0.00000114,0.00000113,2025-09-16 20:20:41
STEEMETH,STEEM,ETH,8,8,0.00000010,1.00000000,0.00000000,1.00000000,0.00000000,9000000.00000000,466744.27500000,0.00100000,0.00002940,0.00002930,2025-09-16 20:20:41
ZILETH,ZIL,ETH,8,8,0.00000001,1.00000000,0.00000000,1.00000000,0.00000000,90000000.00000000,505483.53556485,0.00100000,0.00000260,0.00000259,2025-09-16 20:20:41
ONTBTC,ONT,BTC,8,8,0.00000001,1.00000000,0.00000000,1.00000000,0.00000000,9000000.00000000,109313.48953974,0.00010000,0.00000119,0.00000118,2025-09-16 20:20:41
WANBTC,WAN,BTC,8,8,0.00000001,1.00000000,0.00000000,1.00000000,0.00000000,90000000.00000000,97719.76150627,0.00010000,0.00000091,0.00000090,2025-09-16 20:20:41
SYSBTC,SYS,BTC,8,8,0.00000001,1.00000000,0.00000000,1.00000000,0.00000000,90000000.00000000,445899.82845188,0.00010000,0.00000037,0.00000035,2025-09-16 20:20:41
ADABNB,ADA,BNB,8,8,0.00000100,0.10000000,0.00000000,0.10000000,0.00000000,9000000.00000000,8971.22301255,0.01000000,0.00092200,0.00092100,2025-09-16 20:20:41
ZENBTC,ZEN,BTC,8,8,0.00000001,0.01000000,0.00000000,0.01000000,0.00000000,90000000.00000000,871.31066945,0.00010000,0.00006318,0.00006291,2025-09-16 20:20:41
THETABTC,THETA,BTC,8,8,0.00000001,0.10000000,0.00000000,0.10000000,0.00000000,90000000.00000000,34147.22259414,0.00010000,0.00000708,0.00000707,2025-09-16 20:20:41
XRPBNB,XRP,BNB,8,8,0.00000010,0.10000000,0.00000000,0.10000000,0.00000000,9000000.00000000,18670.60000000,0.01000000,0.00319950,0.00319670,2025-09-16 20:20:41
IOTXBTC,IOTX,BTC,8,8,0.00000001,1.00000000,0.00000000,1.00000000,0.00000000,90000000.00000000,2839933.79497907,0.00010000,0.00000023,0.00000022,2025-09-16 20:20:41
IOTXETH,IOTX,ETH,8,8,0.00000001,1.00000000,0.00000000,1.00000000,0.00000000,90000000.00000000,172829.85355648,0.00100000,0.00000601,0.00000596,2025-09-16 20:20:41
DATABTC,DATA,BTC,8,8,0.00000001,1.00000000,0.00000000,1.00000000,0.00000000,90000000.00000000,3610624.03347280,0.00010000,0.00000014,0.00000013,2025-09-16 20:20:41
TRXBNB,TRX,BNB,8,8,0.00000010,1.00000000,0.00000000,1.00000000,0.00000000,9000000.00000000,257819.01255230,0.01000000,0.00035950,0.00035930,2025-09-16 20:20:41
ETCBNB,ETC,BNB,8,8,0.00001000,0.01000000,0.00000000,0.01000000,0.00000000,9000000.00000000,348.73606694,0.01000000,0.02169000,0.02148000,2025-09-16 20:20:41
SCETH,SC,ETH,8,8,0.00000001,1.00000000,0.00000000,1.00000000,0.00000000,90000000.00000000,18897762.29707112,0.00100000,0.00000067,0.00000066,2025-09-16 20:20:41
DENTETH,DENT,ETH,8,8,0.00000001,1.00000000,0.00000000,1.00000000,0.00000000,92141578.00000000,81802293.20502092,0.00100000,0.00000017,0.00000016,2025-09-16 20:20:41
ARDRBTC,ARDR,BTC,8,8,0.00000001,1.00000000,0.00000000,1.00000000,0.00000000,90000000.00000000,190983.06276150,0.00010000,0.00000075,0.00000074,2025-09-16 20:20:41
HOTETH,HOT,ETH,8,8,0.00000001,1.00000000,0.00000000,1.00000000,0.00000000,90000000.00000000,11723565.57322175,0.00100000,0.00000022,0.00000021,2025-09-16 20:20:41
VETBTC,VET,BTC,8,8,0.00000001,1.00000000,0.00000000,1.00000000,0.00000000,90000000.00000000,61828772.23012552,0.00010000,0.00000021,0.00000020,2025-09-16 20:20:41
VETETH,VET,ETH,8,8,0.00000001,1.00000000,0.00000000,1.00000000,0.00000000,90000000.00000000,395112.10041841,0.00100000,0.00000545,0.00000543,2025-09-16 20:20:41
VETBNB,VET,BNB,8,8,0.00000001,1.00000000,0.00000000,1.00000000,0.00000000,9000000.00000000,746808.43933054,0.01000000,0.00002577,0.00002562,2025-09-16 20:20:41
RVNBTC,RVN,BTC,8,8,0.00000001,1.00000000,0.00000000,1.00000000,0.00000000,90000000.00000000,13232426.07500000,0.00010000,0.00000012,0.00000011,2025-09-16 20:20:41
BNBUSDC,BNB,USDC,8,8,0.01000000,0.00100000,0.00000000,0.00100000,0.00000000,900000.00000000,2128.23678242,5.00000000,954.15000000,954.06000000,2025-09-16 20:20:41
BTCUSDC,BTC,USDC,8,8,0.01000000,0.00001000,0.00000000,0.00001000,0.00000000,9000.00000000,28.61518096,5.00000000,116750.00000000,116749.99000000,2025-09-16 20:20:41
ETHUSDC,ETH,USDC,8,8,0.01000000,0.00010000,0.00000000,0.00010000,0.00000000,9000.00000000,1043.06760376,5.00000000,4497.71000000,4497.70000000,2025-09-16 20:20:41
XRPUSDC,XRP,USDC,8,8,0.00010000,0.10000000,0.00000000,0.10000000,0.00000000,9222449.00000000,929831.32677824,5.00000000,3.05150000,3.05140000,2025-09-16 20:20:41
XLMUSDC,XLM,USDC,8,8,0.00010000,1.00000000,0.00000000,1.00000000,0.00000000,9000000.00000000,530876.39583333,5.00000000,0.38960000,0.38950000,2025-09-16 20:20:41
TRXXRP,TRX,XRP,8,8,0.00010000,0.10000000,0.00000000,0.10000000,0.00000000,9000000.00000000,279045.41464435,10.00000000,0.11250000,0.11240000,2025-09-16 20:20:41
LINKUSDC,LINK,USDC,8,8,0.01000000,0.01000000,0.00000000,0.01000000,0.00000000,90000.00000000,27144.12631799,5.00000000,23.67000000,23.66000000,2025-09-16 20:20:41
LTCUSDC,LTC,USDC,8,8,0.01000000,0.00100000,0.00000000,0.00100000,0.00000000,90000.00000000,2093.88933891,5.00000000,115.47000000,115.46000000,2025-09-16 20:20:41
TRXUSDC,TRX,USDC,8,8,0.00010000,0.10000000,0.00000000,0.10000000,0.00000000,9000000.00000000,511006.88912133,5.00000000,0.34300000,0.34290000,2025-09-16 20:20:41
ONGBTC,ONG,BTC,8,8,0.00000001,1.00000000,0.00000000,1.00000000,0.00000000,90000000.00000000,56450.95815899,0.00010000,0.00000143,0.00000142,2025-09-16 20:20:41
FETBNB,FET,BNB,8,8,0.00000100,0.10000000,0.00000000,0.10000000,0.00000000,9000000.00000000,44290.84016736,0.01000000,0.00067900,0.00067700,2025-09-16 20:20:41
FETBTC,FET,BTC,8,8,0.00000001,0.10000000,0.00000000,0.10000000,0.00000000,90000000.00000000,149732.95271966,0.00010000,0.00000555,0.00000553,2025-09-16 20:20:41
ADAUSDC,ADA,USDC,8,8,0.00010000,0.10000000,0.00000000,0.10000000,0.00000000,900000.00000000,598190.23472803,5.00000000,0.87930000,0.87910000,2025-09-16 20:20:41
NEOUSDC,NEO,USDC,8,8,0.00100000,0.01000000,0.00000000,0.01000000,0.00000000,90000.00000000,5328.70230125,5.00000000,6.67700000,6.67400000,2025-09-16 20:20:41
ATOMBTC,ATOM,BTC,8,8,0.00000010,0.01000000,0.00000000,0.01000000,0.00000000,90000000.00000000,23549.39221757,0.00010000,0.00003910,0.00003900,2025-09-16 20:20:41
ATOMUSDC,ATOM,USDC,8,8,0.00100000,0.01000000,0.00000000,0.01000000,0.00000000,90000.00000000,17502.38807531,5.00000000,4.56300000,4.56200000,2025-09-16 20:20:41
ETCUSDC,ETC,USDC,8,8,0.01000000,0.01000000,0.00000000,0.01000000,0.00000000,90000.00000000,649.05016736,5.00000000,20.52000000,20.49000000,2025-09-16 20:20:41
PHBBTC,PHB,BTC,8,8,0.00000001,0.10000000,0.00000000,0.10000000,0.00000000,92141578.00000000,16522.10460251,0.00010000,0.00000494,0.00000491,2025-09-16 20:20:41
TFUELBTC,TFUEL,BTC,8,8,0.00000001,1.00000000,0.00000000,1.00000000,0.00000000,90000000.00000000,1712154.67782426,0.00010000,0.00000030,0.00000029,2025-09-16 20:20:41
ALGOBTC,ALGO,BTC,8,8,0.00000001,1.00000000,0.00000000,1.00000000,0.00000000,90000000.00000000,703785.61087866,0.00010000,0.00000206,0.00000205,2025-09-16 20:20:41
ALGOUSDC,ALGO,USDC,8,8,0.00010000,1.00000000,0.00000000,1.00000000,0.00000000,922327.00000000,512089.53974895,5.00000000,0.24020000,0.24010000,2025-09-16 20:20:41
DOGEBTC,DOGE,BTC,8,8,0.00000001,1.00000000,0.00000000,1.00000000,0.00000000,90000000.00000000,14635072.12552301,0.00010000,0.00000230,0.00000229,2025-09-16 20:20:41
DOGEUSDC,DOGE,USDC,8,8,0.00001000,1.00000000,0.00000000,1.00000000,0.00000000,9000000.00000000,2560218.00000000,1.00000000,0.26804000,0.26803000,2025-09-16 20:20:41
DUSKBTC,DUSK,BTC,8,8,0.00000001,1.00000000,0.00000000,1.00000000,0.00000000,90000000.00000000,318854.15899581,0.00010000,0.00000055,0.00000054,2025-09-16 20:20:41
ANKRBTC,ANKR,BTC,8,8,0.00000001,1.00000000,0.00000000,1.00000000,0.00000000,90000000.00000000,9808070.53556485,0.00010000,0.00000014,0.00000013,2025-09-16 20:20:41
ONTUSDC,ONT,USDC,8,8,0.00010000,1.00000000,0.00000000,1.00000000,0.00000000,900000.00000000,227506.13333333,5.00000000,0.13850000,0.13840000,2025-09-16 20:20:41
WINTRX,WIN,TRX,8,8,0.00000010,0.10000000,0.00000000,0.10000000,0.00000000,913205152.00000000,913205152.00000000,100.00000000,0.00014850,0.00014810,2025-09-16 20:20:41
CHZBNB,CHZ,BNB,8,8,0.00000010,1.00000000,0.00000000,1.00000000,0.00000000,9000000.00000000,1154813.27196652,0.01000000,0.00004380,0.00004360,2025-09-16 20:20:41
CHZBTC,CHZ,BTC,8,8,0.00000001,1.00000000,0.00000000,1.00000000,0.00000000,90000000.00000000,2591729.04602510,0.00010000,0.00000036,0.00000035,2025-09-16 20:20:41
BANDBTC,BAND,BTC,8,8,0.00000001,0.10000000,0.00000000,0.10000000,0.00000000,90000000.00000000,34929.39539748,0.00010000,0.00000619,0.00000617,2025-09-16 20:20:41
XTZBTC,XTZ,BTC,8,8,0.00000001,0.10000000,0.00000000,0.10000000,0.00000000,90000000.00000000,13526.01171548,0.00010000,0.00000664,0.00000662,2025-09-16 20:20:41
HBARBNB,HBAR,BNB,8,8,0.00000001,1.00000000,0.00000000,1.00000000,0.00000000,9000000.00000000,55709.92500000,0.01000000,0.00025119,0.00025100,2025-09-16 20:20:41
HBARBTC,HBAR,BTC,8,8,0.00000001,1.00000000,0.00000000,1.00000000,0.00000000,90000000.00000000,5657719.16317991,0.00010000,0.00000206,0.00000205,2025-09-16 20:20:41
STXBTC,STX,BTC,8,8,0.00000001,0.10000000,0.00000000,0.10000000,0.00000000,90000000.00000000,93242.02803347,0.00010000,0.00000572,0.00000571,2025-09-16 20:20:41
KAVABTC,KAVA,BTC,8,8,0.00000001,0.10000000,0.00000000,0.10000000,0.00000000,90000000.00000000,105063.10083682,0.00010000,0.00000292,0.00000290,2025-09-16 20:20:41
ARPABTC,ARPA,BTC,8,8,0.00000001,1.00000000,0.00000000,1.00000000,0.00000000,90000000.00000000,2310081.75732217,0.00010000,0.00000020,0.00000019,2025-09-16 20:20:41
BCHBNB,BCH,BNB,8,8,0.00010000,0.00100000,0.00000000,0.00100000,0.00000000,900000.00000000,20.18245416,0.01000000,0.62900000,0.62850000,2025-09-16 20:20:41
BCHBTC,BCH,BTC,8,8,0.00000100,0.00100000,0.00000000,0.00100000,0.00000000,10000000.00000000,276.87550209,0.00010000,0.00514000,0.00513900,2025-09-16 20:20:41
BCHUSDC,BCH,USDC,8,8,0.10000000,0.00100000,0.00000000,0.00100000,0.00000000,90000.00000000,237.18400000,5.00000000,599.80000000,599.70000000,2025-09-16 20:20:41
OGNBTC,OGN,BTC,8,8,0.00000001,1.00000000,0.00000000,1.00000000,0.00000000,90000000.00000000,456709.86192468,0.00010000,0.00000054,0.00000053,2025-09-16 20:20:41
COTIBTC,COTI,BTC,8,8,0.00000001,1.00000000,0.00000000,1.00000000,0.00000000,90000000.00000000,847185.34309623,0.00010000,0.00000048,0.00000047,2025-09-16 20:20:41
SOLBNB,SOL,BNB,8,8,0.00010000,0.00100000,0.00000000,0.00100000,0.00000000,9000000.00000000,612.85872803,0.01000000,0.25060000,0.25050000,2025-09-16 20:20:41
SOLBTC,SOL,BTC,8,8,0.00000010,0.00100000,0.00000000,0.00100000,0.00000000,90000000.00000000,5982.02515899,0.00010000,0.00204810,0.00204800,2025-09-16 20:20:41
CTSIBTC,CTSI,BTC,8,8,0.00000001,1.00000000,0.00000000,1.00000000,0.00000000,90000000.00000000,256837.61087866,0.00010000,0.00000073,0.00000072,2025-09-16 20:20:41
HIVEBTC,HIVE,BTC,8,8,0.00000001,1.00000000,0.00000000,1.00000000,0.00000000,90000000.00000000,70382.45606694,0.00010000,0.00000174,0.00000173,2025-09-16 20:20:41
CHRBTC,CHR,BTC,8,8,0.00000001,1.00000000,0.00000000,1.00000000,0.00000000,90000000.00000000,157751.56903765,0.00010000,0.00000085,0.00000084,2025-09-16 20:20:41
COMPBTC,COMP,BTC,8,8,0.00000100,0.00100000,0.00000000,0.00100000,0.00000000,10000000.00000000,192.94634166,0.00010000,0.00038500,0.00038300,2025-09-16 20:20:41
SXPBTC,SXP,BTC,8,8,0.00000001,0.10000000,0.00000000,0.10000000,0.00000000,90000000.00000000,116586.50083682,0.00010000,0.00000150,0.00000149,2025-09-16 20:20:41
SNXBTC,SNX,BTC,8,8,0.00000001,0.10000000,0.00000000,0.10000000,0.00000000,90000000.00000000,12122.91673640,0.00010000,0.00000587,0.00000584,2025-09-16 20:20:41
RUNEBTC,RUNE,BTC,8,8,0.00000001,0.10000000,0.00000000,0.10000000,0.00000000,90000000.00000000,10813.30541666,0.00010000,0.00001098,0.00001096,2025-09-16 20:20:41
AVABTC,AVA,BTC,8,8,0.00000001,0.10000000,0.00000000,0.10000000,0.00000000,90000000.00000000,16596.47958333,0.00010000,0.00000469,0.00000466,2025-09-16 20:20:41
YFIBTC,YFI,BTC,8,8,0.00001000,0.00001000,0.00000000,0.00001000,0.00000000,9000.00000000,1.83227288,0.00010000,0.04696000,0.04660000,2025-09-16 20:20:41
JSTBTC,JST,BTC,8,8,0.00000001,1.00000000,0.00000000,1.00000000,0.00000000,90000000.00000000,2604881.88702928,0.00010000,0.00000029,0.00000028,2025-09-16 20:20:41
CRVBTC,CRV,BTC,8,8,0.00000001,0.10000000,0.00000000,0.10000000,0.00000000,9000000.00000000,69871.20962343,0.00010000,0.00000631,0.00000629,2025-09-16 20:20:41
SANDBTC,SAND,BTC,8,8,0.00000001,1.00000000,0.00000000,1.00000000,0.00000000,90000000.00000000,111579.82008368,0.00010000,0.00000259,0.00000258,2025-09-16 20:20:41
NMRBTC,NMR,BTC,8,8,0.00000010,0.01000000,0.00000000,0.01000000,0.00000000,10000000.00000000,537.26523012,0.00010000,0.00014670,0.00014650,2025-09-16 20:20:41
DOTBNB,DOT,BNB,8,8,0.00001000,0.01000000,0.00000000,0.01000000,0.00000000,9000000.00000000,942.59510460,0.01000000,0.00449000,0.00448000,2025-09-16 20:20:41
DOTBTC,DOT,BTC,8,8,0.00000010,0.01000000,0.00000000,0.01000000,0.00000000,90000000.00000000,37245.34895397,0.00010000,0.00003670,0.00003660,2025-09-16 20:20:41
TRBBTC,TRB,BTC,8,8,0.00000100,0.00100000,0.00000000,0.00100000,0.00000000,10000000.00000000,228.13725104,0.00010000,0.00030800,0.00030700,2025-09-16 20:20:41
WBTCBTC,WBTC,BTC,8,8,0.00010000,0.00001000,0.00000000,0.00001000,0.00000000,92141578.00000000,193.48612046,0.00010000,1.00010000,1.00000000,2025-09-16 20:20:41
WBTCETH,WBTC,ETH,8,8,0.01000000,0.00001000,0.00000000,0.00001000,0.00000000,100000.00000000,0.13028012,0.00100000,25.97000000,25.96000000,2025-09-16 20:20:41
SUSHIBTC,SUSHI,BTC,8,8,0.00000001,0.10000000,0.00000000,0.10000000,0.00000000,90000000.00000000,13770.78410041,0.00010000,0.00000680,0.00000679,2025-09-16 20:20:41
KSMBTC,KSM,BTC,8,8,0.00000010,0.00100000,0.00000000,0.00100000,0.00000000,10000000.00000000,340.42332635,0.00010000,0.00013500,0.00013470,2025-09-16 20:20:41
EGLDBNB,EGLD,BNB,8,8,0.00001000,0.01000000,0.00000000,0.01000000,0.00000000,900000.00000000,388.75242677,0.01000000,0.01467000,0.01465000,2025-09-16 20:20:41
EGLDBTC,EGLD,BTC,8,8,0.00000010,0.01000000,0.00000000,0.01000000,0.00000000,10000000.00000000,1031.49276150,0.00010000,0.00011990,0.00011980,2025-09-16 20:20:41
DIABTC,DIA,BTC,8,8,0.00000001,0.10000000,0.00000000,0.10000000,0.00000000,90000000.00000000,27379.85439330,0.00010000,0.00000617,0.00000616,2025-09-16 20:20:41
UMABTC,UMA,BTC,8,8,0.00000001,0.10000000,0.00000000,0.10000000,0.00000000,9000000.00000000,4019.06401673,0.00010000,0.00001144,0.00001138,2025-09-16 20:20:41
BELBTC,BEL,BTC,8,8,0.00000001,0.10000000,0.00000000,0.10000000,0.00000000,90000000.00000000,191151.05355648,0.00010000,0.00000220,0.00000218,2025-09-16 20:20:41
UNIBTC,UNI,BTC,8,8,0.00000010,0.01000000,0.00000000,0.01000000,0.00000000,90000000.00000000,10491.29476987,0.00010000,0.00007970,0.00007960,2025-09-16 20:20:41
OXTBTC,OXT,BTC,8,8,0.00000001,1.00000000,0.00000000,1.00000000,0.00000000,90000000.00000000,757012.45606694,0.00010000,0.00000047,0.00000046,2025-09-16 20:20:41
AVAXBNB,AVAX,BNB,8,8,0.00001000,0.01000000,0.00000000,0.01000000,0.00000000,9000000.00000000,359.69610878,0.01000000,0.03178000,0.03175000,2025-09-16 20:20:41
AVAXBTC,AVAX,BTC,8,8,0.00000010,0.01000000,0.00000000,0.01000000,0.00000000,90000000.00000000,6606.02225000,0.00010000,0.00025970,0.00025960,2025-09-16 20:20:41
FLMBTC,FLM,BTC,8,8,0.00000001,1.00000000,0.00000000,1.00000000,0.00000000,90000000.00000000,730431.10460251,0.00010000,0.00000029,0.00000028,2025-09-16 20:20:41
SCRTBTC,SCRT,BTC,8,8,0.00000001,0.10000000,0.00000000,0.10000000,0.00000000,90000000.00000000,77242.36108786,0.00010000,0.00000151,0.00000149,2025-09-16 20:20:41
CAKEBNB,CAKE,BNB,8,8,0.00000100,0.01000000,0.00000000,0.01000000,0.00000000,9000000.00000000,2657.73504166,0.01000000,0.00265000,0.00263300,2025-09-16 20:20:41
XVSBNB,XVS,BNB,8,8,0.00001000,0.01000000,0.00000000,0.01000000,0.00000000,900000.00000000,3379.75213389,0.01000000,0.00677000,0.00672000,2025-09-16 20:20:41
XVSBTC,XVS,BTC,8,8,0.00000010,0.01000000,0.00000000,0.01000000,0.00000000,90000000.00000000,3889.35502092,0.00010000,0.00005520,0.00005490,2025-09-16 20:20:41
AAVEBTC,AAVE,BTC,8,8,0.00000100,0.00100000,0.00000000,0.00100000,0.00000000,92141578.00000000,473.16777824,0.00010000,0.00255900,0.00255800,2025-09-16 20:20:41
AAVEETH,AAVE,ETH,8,8,0.00001000,0.00100000,0.00000000,0.00100000,0.00000000,9000000.00000000,141.50340585,0.00100000,0.06644000,0.06640000,2025-09-16 20:20:41
NEARBNB,NEAR,BNB,8,8,0.00000100,0.10000000,0.00000000,0.10000000,0.00000000,9000000.00000000,8866.72083333,0.01000000,0.00285700,0.00285300,2025-09-16 20:20:41
NEARBTC,NEAR,BTC,8,8,0.00000001,0.10000000,0.00000000,0.10000000,0.00000000,90000000.00000000,5014.93221757,0.00010000,0.00002334,0.00002333,2025-09-16 20:20:41
FILBTC,FIL,BTC,8,8,0.00000010,0.01000000,0.00000000,0.01000000,0.00000000,90000000.00000000,46610.85878661,0.00010000,0.00002180,0.00002170,2025-09-16 20:20:41
INJBNB,INJ,BNB,8,8,0.00001000,0.01000000,0.00000000,0.01000000,0.00000000,9000000.00000000,584.76000000,0.01000000,0.01453000,0.01441000,2025-09-16 20:20:41
INJBTC,INJ,BTC,8,8,0.00000010,0.01000000,0.00000000,0.01000000,0.00000000,90000000.00000000,2681.38895397,0.00010000,0.00011840,0.00011820,2025-09-16 20:20:41
AUDIOBTC,AUDIO,BTC,8,8,0.00000001,0.10000000,0.00000000,0.10000000,0.00000000,90000000.00000000,439964.57489539,0.00010000,0.00000054,0.00000053,2025-09-16 20:20:41
CTKBNB,CTK,BNB,8,8,0.00000100,0.10000000,0.00000000,0.10000000,0.00000000,9000000.00000000,66912.07615062,0.01000000,0.00035400,0.00035200,2025-09-16 20:20:41
CTKBTC,CTK,BTC,8,8,0.00000001,0.10000000,0.00000000,0.10000000,0.00000000,90000000.00000000,48671.21924686,0.00010000,0.00000289,0.00000288,2025-09-16 20:20:41
AXSBNB,AXS,BNB,8,8,0.00001000,0.01000000,0.00000000,0.01000000,0.00000000,9000000.00000000,1649.44807531,0.01000000,0.00261000,0.00258000,2025-09-16 20:20:41
AXSBTC,AXS,BTC,8,8,0.00000010,0.01000000,0.00000000,0.01000000,0.00000000,90000000.00000000,22088.59899581,0.00010000,0.00002120,0.00002110,2025-09-16 20:20:41
SLPETH,SLP,ETH,8,8,0.00000001,1.00000000,0.00000000,1.00000000,0.00000000,90000000.00000000,4795756.55648535,0.00100000,0.00000041,0.00000040,2025-09-16 20:20:41
STRAXBTC,STRAX,BTC,8,8,0.00000001,1.00000000,0.00000000,1.00000000,0.00000000,92141578.00000000,404150.00000000,0.00010000,0.00000038,0.00000037,2025-09-16 20:20:41
ROSEBTC,ROSE,BTC,8,8,0.00000001,1.00000000,0.00000000,1.00000000,0.00000000,90000000.00000000,2221848.33750000,0.00010000,0.00000025,0.00000024,2025-09-16 20:20:41
SKLBTC,SKL,BTC,8,8,0.00000001,1.00000000,0.00000000,1.00000000,0.00000000,90000000.00000000,1992764.15062761,0.00010000,0.00000024,0.00000023,2025-09-16 20:20:41
GLMBTC,GLM,BTC,8,8,0.00000001,1.00000000,0.00000000,1.00000000,0.00000000,90000000.00000000,51425.65690376,0.00010000,0.00000209,0.00000208,2025-09-16 20:20:41
GRTBTC,GRT,BTC,8,8,0.00000001,1.00000000,0.00000000,1.00000000,0.00000000,90000000.00000000,766177.53138075,0.00010000,0.00000082,0.00000081,2025-09-16 20:20:41
GRTETH,GRT,ETH,8,8,0.00000001,1.00000000,0.00000000,1.00000000,0.00000000,90000000.00000000,120495.01255230,0.00100000,0.00002122,0.00002112,2025-09-16 20:20:41
1INCHBTC,1INCH,BTC,8,8,0.00000001,0.10000000,0.00000000,0.10000000,0.00000000,90000000.00000000,67584.49288702,0.00010000,0.00000222,0.00000221,2025-09-16 20:20:41
OGBTC,OG,BTC,8,8,0.00000010,0.10000000,0.00000000,0.10000000,0.00000000,90000000.00000000,947.33807531,0.00010000,0.00014500,0.00014470,2025-09-16 20:20:41
CELOBTC,CELO,BTC,8,8,0.00000001,0.10000000,0.00000000,0.10000000,0.00000000,90000000.00000000,17478.01464435,0.00010000,0.00000263,0.00000261,2025-09-16 20:20:41
RIFBTC,RIF,BTC,8,8,0.00000001,1.00000000,0.00000000,1.00000000,0.00000000,90000000.00000000,1024202.87866108,0.00010000,0.00000053,0.00000052,2025-09-16 20:20:41
SFPBTC,SFP,BTC,8,8,0.00000001,1.00000000,0.00000000,1.00000000,0.00000000,90000000.00000000,31084.02928870,0.00010000,0.00000401,0.00000399,2025-09-16 20:20:41
DODOBTC,DODO,BTC,8,8,0.00000001,0.10000000,0.00000000,0.10000000,0.00000000,90000000.00000000,603581.46750000,0.00010000,0.00000041,0.00000040,2025-09-16 20:20:41
CAKEBTC,CAKE,BTC,8,8,0.00000001,0.01000000,0.00000000,0.01000000,0.00000000,90000000.00000000,6449.34616666,0.00010000,0.00002161,0.00002160,2025-09-16 20:20:41
AUCTIONBTC,AUCTION,BTC,8,8,0.00000010,0.01000000,0.00000000,0.01000000,0.00000000,90000000.00000000,344.23326359,0.00010000,0.00008270,0.00008260,2025-09-16 20:20:41
PHABTC,PHA,BTC,8,8,0.00000001,1.00000000,0.00000000,1.00000000,0.00000000,90000000.00000000,361395.74895397,0.00010000,0.00000092,0.00000091,2025-09-16 20:20:41
FISBTC,FIS,BTC,8,8,0.00000001,1.00000000,0.00000000,1.00000000,0.00000000,90000000.00000000,141051.36250000,0.00010000,0.00000095,0.00000094,2025-09-16 20:20:41
OMBTC,OM,BTC,8,8,0.00000001,0.10000000,0.00000000,0.10000000,0.00000000,90000000.00000000,26260.77291666,0.00010000,0.00000182,0.00000180,2025-09-16 20:20:41
SUPERBTC,SUPER,BTC,8,8,0.00000001,1.00000000,0.00000000,1.00000000,0.00000000,90000000.00000000,23415.36401673,0.00010000,0.00000514,0.00000512,2025-09-16 20:20:41
CFXBTC,CFX,BTC,8,8,0.00000001,1.00000000,0.00000000,1.00000000,0.00000000,90000000.00000000,659294.20000000,0.00010000,0.00000158,0.00000157,2025-09-16 20:20:41
FORTHBTC,FORTH,BTC,8,8,0.00000001,0.01000000,0.00000000,0.01000000,0.00000000,90000000.00000000,3881.38279166,0.00010000,0.00002290,0.00002285,2025-09-16 20:20:41
ICPBTC,ICP,BTC,8,8,0.00000010,0.01000000,0.00000000,0.01000000,0.00000000,92141578.00000000,5107.06221757,0.00010000,0.00004090,0.00004080,2025-09-16 20:20:41
ARBTC,AR,BTC,8,8,0.00000010,0.01000000,0.00000000,0.01000000,0.00000000,100000.00000000,2242.33188284,0.00010000,0.00006060,0.00006040,2025-09-16 20:20:41
LPTBTC,LPT,BTC,8,8,0.00000010,0.01000000,0.00000000,0.01000000,0.00000000,92141570.00000000,10327.29502092,0.00010000,0.00005850,0.00005840,2025-09-16 20:20:41
LPTBNB,LPT,BNB,8,8,0.00001000,0.01000000,0.00000000,0.01000000,0.00000000,92141570.00000000,819.50158995,0.01000000,0.00716000,0.00714000,2025-09-16 20:20:41
ATABTC,ATA,BTC,8,8,0.00000001,1.00000000,0.00000000,1.00000000,0.00000000,92141578.00000000,991503.47698744,0.00010000,0.00000039,0.00000038,2025-09-16 20:20:41
BAKEBTC,BAKE,BTC,8,8,0.00000001,0.10000000,0.00000000,0.10000000,0.00000000,92141578.00000000,316169.54666666,0.00010000,0.00000043,0.00000041,2025-09-16 20:20:41
QNTBTC,QNT,BTC,8,8,0.00000010,0.00100000,0.00000000,0.00100000,0.00000000,92141578.00000000,125.78121338,0.00010000,0.00086850,0.00086730,2025-09-16 20:20:41
FLOWBTC,FLOW,BTC,8,8,0.00000001,0.01000000,0.00000000,0.01000000,0.00000000,92141578.00000000,62525.98058333,0.00010000,0.00000348,0.00000346,2025-09-16 20:20:41
MINABTC,MINA,BTC,8,8,0.00000001,0.10000000,0.00000000,0.10000000,0.00000000,92141578.00000000,127381.96192468,0.00010000,0.00000159,0.00000158,2025-09-16 20:20:41
WAXPBTC,WAXP,BTC,8,8,0.00000001,1.00000000,0.00000000,1.00000000,0.00000000,92141578.00000000,2794149.19665271,0.00010000,0.00000017,0.00000016,2025-09-16 20:20:41
DYDXBTC,DYDX,BTC,8,8,0.00000001,0.01000000,0.00000000,0.01000000,0.00000000,46116860414.00000000,28845.04916317,0.00010000,0.00000543,0.00000541,2025-09-16 20:20:41
GALABTC,GALA,BTC,8,8,0.00000001,1.00000000,0.00000000,1.00000000,0.00000000,913205152.00000000,12800218.69456066,0.00010000,0.00000015,0.00000014,2025-09-16 20:20:41
ILVBTC,ILV,BTC,8,8,0.00000100,0.00100000,0.00000000,0.00100000,0.00000000,92141578.00000000,675.87945188,0.00010000,0.00012700,0.00012600,2025-09-16 20:20:41
YGGBTC,YGG,BTC,8,8,0.00000001,0.10000000,0.00000000,0.10000000,0.00000000,92141578.00000000,164403.08208333,0.00010000,0.00000168,0.00000167,2025-09-16 20:20:41
SOLUSDC,SOL,USDC,8,8,0.01000000,0.00100000,0.00000000,0.00100000,0.00000000,90000.00000000,11723.40059414,5.00000000,239.11000000,239.10000000,2025-09-16 20:20:41
FIDABTC,FIDA,BTC,8,8,0.00000001,0.10000000,0.00000000,0.10000000,0.00000000,92141578.00000000,187486.49246861,0.00010000,0.00000080,0.00000079,2025-09-16 20:20:41
AGLDBTC,AGLD,BTC,8,8,0.00000001,0.10000000,0.00000000,0.10000000,0.00000000,92141578.00000000,17526.35648535,0.00010000,0.00000577,0.00000575,2025-09-16 20:20:41
RAREBTC,RARE,BTC,8,8,0.00000001,0.10000000,0.00000000,0.10000000,0.00000000,92141578.00000000,241943.91380753,0.00010000,0.00000053,0.00000052,2025-09-16 20:20:41
AXSETH,AXS,ETH,8,8,0.00000100,0.00100000,0.00000000,0.00100000,0.00000000,92141578.00000000,6654.37553556,0.00100000,0.00055100,0.00054900,2025-09-16 20:20:41
SOLETH,SOL,ETH,8,8,0.00001000,0.00100000,0.00000000,0.00100000,0.00000000,92141578.00000000,3756.06817154,0.00100000,0.05316000,0.05315000,2025-09-16 20:20:41
SSVBTC,SSV,BTC,8,8,0.00000001,0.01000000,0.00000000,0.01000000,0.00000000,92141578.00000000,679.46200836,0.00010000,0.00008057,0.00007994,2025-09-16 20:20:41
SSVETH,SSV,ETH,8,8,0.00000100,0.01000000,0.00000000,0.01000000,0.00000000,92141578.00000000,1286.37451882,0.00100000,0.00209000,0.00207300,2025-09-16 20:20:41
SHIBDOGE,SHIB,DOGE,2,8,0.00000010,1.00,0.00,1.00,0.00,46116860414.00,615379705.65,30.00000000,0.00004940,0.00004930,2025-09-16 20:20:41
MOVRBTC,MOVR,BTC,8,8,0.00000010,0.00100000,0.00000000,0.00100000,0.00000000,92141578.00000000,1374.92034309,0.00010000,0.00004940,0.00004920,2025-09-16 20:20:41
ENSBTC,ENS,BTC,8,8,0.00000010,0.01000000,0.00000000,0.01000000,0.00000000,92141578.00000000,569.22610878,0.00010000,0.00020180,0.00020150,2025-09-16 20:20:41
DOTETH,DOT,ETH,8,8,0.00000100,0.01000000,0.00000000,0.01000000,0.00000000,92141578.00000000,5521.25983333,0.00100000,0.00095200,0.00095100,2025-09-16 20:20:41
AVAXETH,AVAX,ETH,8,8,0.00001000,0.01000000,0.00000000,0.01000000,0.00000000,92141578.00000000,1167.07117154,0.00100000,0.00675000,0.00674000,2025-09-16 20:20:41
GALAETH,GALA,ETH,8,8,0.00000001,1.00000000,0.00000000,1.00000000,0.00000000,92141578.00000000,1135830.73221757,0.00100000,0.00000381,0.00000380,2025-09-16 20:20:41
PYRBTC,PYR,BTC,8,8,0.00000001,0.00100000,0.00000000,0.00100000,0.00000000,92141578.00000000,3218.29760251,0.00010000,0.00000954,0.00000952,2025-09-16 20:20:41
SANTOSBTC,SANTOS,BTC,8,8,0.00000001,0.01000000,0.00000000,0.01000000,0.00000000,92141578.00000000,2024.95276150,0.00010000,0.00001562,0.00001556,2025-09-16 20:20:41
BICOBTC,BICO,BTC,8,8,0.00000001,0.01000000,0.00000000,0.01000000,0.00000000,92141578.00000000,530630.69778242,0.00010000,0.00000086,0.00000085,2025-09-16 20:20:41
FLUXBTC,FLUX,BTC,8,8,0.00000001,0.01000000,0.00000000,0.01000000,0.00000000,92141578.00000000,62677.49556485,0.00010000,0.00000179,0.00000178,2025-09-16 20:20:41
PEOPLEBTC,PEOPLE,BTC,8,8,0.00000001,0.10000000,0.00000000,0.10000000,0.00000000,92141578.00000000,7516306.62175732,0.00010000,0.00000018,0.00000017,2025-09-16 20:20:41
LINKBNB,LINK,BNB,8,8,0.00001000,0.00100000,0.00000000,0.00100000,0.00000000,92141578.00000000,1403.08229707,0.01000000,0.02481000,0.02479000,2025-09-16 20:20:41
JOEBTC,JOE,BTC,8,8,0.00000001,0.01000000,0.00000000,0.01000000,0.00000000,92141578.00000000,144908.21740585,0.00010000,0.00000157,0.00000155,2025-09-16 20:20:41
ATOMETH,ATOM,ETH,8,8,0.00000100,0.00100000,0.00000000,0.00100000,0.00000000,92141578.00000000,1285.06657322,0.00100000,0.00101600,0.00101300,2025-09-16 20:20:41
EGLDETH,EGLD,ETH,8,8,0.00001000,0.00010000,0.00000000,0.00010000,0.00000000,92141578.00000000,991.15021297,0.00100000,0.00312000,0.00310000,2025-09-16 20:20:41
ICPETH,ICP,ETH,8,8,0.00000100,0.00100000,0.00000000,0.00100000,0.00000000,92141578.00000000,1271.58792050,0.00100000,0.00106100,0.00106000,2025-09-16 20:20:41
NEARETH,NEAR,ETH,8,8,0.00000100,0.00100000,0.00000000,0.00100000,0.00000000,92141578.00000000,9023.66360251,0.00100000,0.00060600,0.00060500,2025-09-16 20:20:41
ACHBTC,ACH,BTC,8,8,0.00000001,1.00000000,0.00000000,1.00000000,0.00000000,92141578.00000000,3328267.73640167,0.00010000,0.00000018,0.00000017,2025-09-16 20:20:41
IMXBTC,IMX,BTC,8,8,0.00000001,0.01000000,0.00000000,0.01000000,0.00000000,92141578.00000000,23823.01979079,0.00010000,0.00000593,0.00000592,2025-09-16 20:20:41
GLMRBTC,GLMR,BTC,8,8,0.00000001,0.10000000,0.00000000,0.10000000,0.00000000,92141578.00000000,443243.04853556,0.00010000,0.00000058,0.00000057,2025-09-16 20:20:41
UNIETH,UNI,ETH,8,8,0.00000100,0.00100000,0.00000000,0.00100000,0.00000000,92141578.00000000,1302.29291666,0.00100000,0.00207000,0.00206700,2025-09-16 20:20:41
API3BTC,API3,BTC,8,8,0.00000001,0.01000000,0.00000000,0.01000000,0.00000000,92141578.00000000,7751.45297071,0.00010000,0.00000797,0.00000792,2025-09-16 20:20:41
XNOBTC,XNO,BTC,8,8,0.00000001,0.01000000,0.00000000,0.01000000,0.00000000,92141578.00000000,11332.98941422,0.00010000,0.00000752,0.00000748,2025-09-16 20:20:41
GMTBTC,GMT,BTC,8,8,0.00000001,0.10000000,0.00000000,0.10000000,0.00000000,92141578.00000000,619628.23723849,0.00010000,0.00000037,0.00000036,2025-09-16 20:20:41
KDABTC,KDA,BTC,8,8,0.00000001,0.01000000,0.00000000,0.01000000,0.00000000,92141578.00000000,102376.77301255,0.00010000,0.00000336,0.00000335,2025-09-16 20:20:41
APEBTC,APE,BTC,8,8,0.00000001,0.01000000,0.00000000,0.01000000,0.00000000,92141578.00000000,9841.55334728,0.00010000,0.00000505,0.00000504,2025-09-16 20:20:41
RUNEETH,RUNE,ETH,8,8,0.00000010,0.00100000,0.00000000,0.00100000,0.00000000,92141578.00000000,4716.17901255,0.00100000,0.00028480,0.00028450,2025-09-16 20:20:41
ASTRBTC,ASTR,BTC,8,8,0.00000001,0.10000000,0.00000000,0.10000000,0.00000000,92141578.00000000,3244798.51004184,0.00010000,0.00000021,0.00000020,2025-09-16 20:20:41
NEXOBTC,NEXO,BTC,8,8,0.00000001,0.01000000,0.00000000,0.01000000,0.00000000,92141578.00000000,51108.96677824,0.00010000,0.00001104,0.00001102,2025-09-16 20:20:41
LDOBTC,LDO,BTC,8,8,0.00000001,0.01000000,0.00000000,0.01000000,0.00000000,92141578.00000000,5977.72305439,0.00010000,0.00001029,0.00001028,2025-09-16 20:20:41
OPBTC,OP,BTC,8,8,0.00000001,0.01000000,0.00000000,0.01000000,0.00000000,92141578.00000000,13611.63075313,0.00010000,0.00000665,0.00000663,2025-09-16 20:20:41
OPETH,OP,ETH,8,8,0.00000010,0.01000000,0.00000000,0.01000000,0.00000000,913205152.00000000,13858.69066666,0.00100000,0.00017250,0.00017230,2025-09-16 20:20:41
FILETH,FIL,ETH,8,8,0.00000100,0.01000000,0.00000000,0.01000000,0.00000000,913205152.00000000,6007.39355648,0.00100000,0.00056600,0.00056300,2025-09-16 20:20:41
STGBTC,STG,BTC,8,8,0.00000001,0.10000000,0.00000000,0.10000000,0.00000000,913205152.00000000,288572.13849372,0.00010000,0.00000143,0.00000142,2025-09-16 20:20:41
POLYXBTC,POLYX,BTC,8,8,0.00000001,0.10000000,0.00000000,0.10000000,0.00000000,92141578.00000000,165090.88661087,0.00010000,0.00000119,0.00000118,2025-09-16 20:20:41
APTBTC,APT,BTC,8,8,0.00000001,0.01000000,0.00000000,0.01000000,0.00000000,8384883677.00000000,4254.07615062,0.00010000,0.00003812,0.00003810,2025-09-16 20:20:41
HFTBTC,HFT,BTC,8,8,0.00000001,0.10000000,0.00000000,0.10000000,0.00000000,46116860414.00000000,112510.67447698,0.00010000,0.00000080,0.00000079,2025-09-16 20:20:41
MAGICBTC,MAGIC,BTC,8,8,0.00000001,0.10000000,0.00000000,0.10000000,0.00000000,92141578.00000000,107833.98995815,0.00010000,0.00000179,0.00000178,2025-09-16 20:20:41
APTETH,APT,ETH,8,8,0.00000100,0.01000000,0.00000000,0.01000000,0.00000000,92141578.00000000,3251.22104602,0.00100000,0.00098900,0.00098800,2025-09-16 20:20:41
IDBTC,ID,BTC,8,8,0.00000001,1.00000000,0.00000000,1.00000000,0.00000000,46116860414.00000000,57872.78242677,0.00010000,0.00000138,0.00000137,2025-09-16 20:20:41
ARBBTC,ARB,BTC,8,8,0.00000001,0.10000000,0.00000000,0.10000000,0.00000000,46116860414.00000000,182923.93096234,0.00010000,0.00000427,0.00000426,2025-09-16 20:20:41
SUIBTC,SUI,BTC,8,8,0.00000001,0.10000000,0.00000000,0.10000000,0.00000000,92141578.00000000,72160.85857740,0.00010000,0.00003116,0.00003115,2025-09-16 20:20:41
SUIBNB,SUI,BNB,8,8,0.00000100,0.10000000,0.00000000,0.10000000,0.00000000,92141578.00000000,1757.94769874,0.01000000,0.00381300,0.00381200,2025-09-16 20:20:41
WBETHETH,WBETH,ETH,8,8,0.00010000,0.00010000,0.00000000,0.00010000,0.00000000,92141578.00000000,7172.06512803,0.00100000,1.07850000,1.07840000,2025-09-16 20:20:41
MAVBTC,MAV,BTC,8,8,0.00000001,1.00000000,0.00000000,1.00000000,0.00000000,92141578.00000000,1353751.28033472,0.00010000,0.00000059,0.00000057,2025-09-16 20:20:41
PENDLEBTC,PENDLE,BTC,8,8,0.00000001,0.10000000,0.00000000,0.10000000,0.00000000,92141578.00000000,3365.87112970,0.00010000,0.00004273,0.00004268,2025-09-16 20:20:41
ARBETH,ARB,ETH,8,8,0.00000010,0.10000000,0.00000000,0.10000000,0.00000000,92141578.00000000,23726.01757322,0.00100000,0.00011090,0.00011080,2025-09-16 20:20:41
ARKMBNB,ARKM,BNB,8,8,0.00000100,0.10000000,0.00000000,0.10000000,0.00000000,92141578.00000000,6713.85564853,0.01000000,0.00065500,0.00064600,2025-09-16 20:20:41
ARKMBTC,ARKM,BTC,8,8,0.00000001,0.10000000,0.00000000,0.10000000,0.00000000,92141578.00000000,8634.09372384,0.00010000,0.00000532,0.00000531,2025-09-16 20:20:41
WLDBTC,WLD,BTC,8,8,0.00000001,0.10000000,0.00000000,0.10000000,0.00000000,46116860414.00000000,36727.54142259,0.00010000,0.00001300,0.00001299,2025-09-16 20:20:41
SEIBNB,SEI,BNB,8,8,0.00000010,0.10000000,0.00000000,0.10000000,0.00000000,92141578.00000000,65750.92845188,0.01000000,0.00033580,0.00033530,2025-09-16 20:20:41
SEIBTC,SEI,BTC,8,8,0.00000001,0.10000000,0.00000000,0.10000000,0.00000000,92141578.00000000,434557.30167364,0.00010000,0.00000275,0.00000274,2025-09-16 20:20:41
CYBERBNB,CYBER,BNB,8,8,0.00000100,0.01000000,0.00000000,0.01000000,0.00000000,92141578.00000000,15501.26401673,0.01000000,0.00186500,0.00185700,2025-09-16 20:20:41
CYBERBTC,CYBER,BTC,8,8,0.00000001,0.01000000,0.00000000,0.01000000,0.00000000,92141578.00000000,17720.84937500,0.00010000,0.00001520,0.00001519,2025-09-16 20:20:41
CYBERETH,CYBER,ETH,8,8,0.00000100,0.01000000,0.00000000,0.01000000,0.00000000,92141578.00000000,15557.71899581,0.00100000,0.00039600,0.00039300,2025-09-16 20:20:41
NTRNBNB,NTRN,BNB,8,8,0.00000100,0.10000000,0.00000000,0.10000000,0.00000000,92141578.00000000,168537.60083682,0.01000000,0.00010300,0.00010200,2025-09-16 20:20:41
TIABTC,TIA,BTC,8,8,0.00000010,0.01000000,0.00000000,0.01000000,0.00000000,46116860414.00000000,8241.97175732,0.00010000,0.00001480,0.00001470,2025-09-16 20:20:41
ORDIBTC,ORDI,BTC,8,8,0.00000001,0.01000000,0.00000000,0.01000000,0.00000000,46116860414.00000000,457.23338912,0.00010000,0.00008464,0.00008396,2025-09-16 20:20:41
INJETH,INJ,ETH,8,8,0.00000100,0.01000000,0.00000000,0.01000000,0.00000000,92141578.00000000,889.83437500,0.00100000,0.00308800,0.00305400,2025-09-16 20:20:41
NFPBTC,NFP,BTC,8,8,0.00000001,1.00000000,0.00000000,1.00000000,0.00000000,46116860414.00000000,366839.24267782,0.00010000,0.00000061,0.00000060,2025-09-16 20:20:41
ARBUSDC,ARB,USDC,8,8,0.00010000,0.10000000,0.00000000,0.10000000,0.00000000,92141578.00000000,396061.12333333,5.00000000,0.49850000,0.49840000,2025-09-16 20:20:41
AVAXUSDC,AVAX,USDC,8,8,0.01000000,0.01000000,0.00000000,0.01000000,0.00000000,90000.00000000,13296.15824267,5.00000000,30.32000000,30.31000000,2025-09-16 20:20:41
DOTUSDC,DOT,USDC,8,8,0.00100000,0.01000000,0.00000000,0.01000000,0.00000000,90000.00000000,58797.76878661,5.00000000,4.28200000,4.28100000,2025-09-16 20:20:41
INJUSDC,INJ,USDC,8,8,0.01000000,0.01000000,0.00000000,0.01000000,0.00000000,90000.00000000,13183.35623430,5.00000000,13.82000000,13.81000000,2025-09-16 20:20:41
OPUSDC,OP,USDC,8,8,0.00010000,0.01000000,0.00000000,0.01000000,0.00000000,92141578.00000000,54146.69616666,5.00000000,0.77550000,0.77530000,2025-09-16 20:20:41
ORDIUSDC,ORDI,USDC,8,8,0.00100000,0.01000000,0.00000000,0.01000000,0.00000000,9222449.00000000,1525.72485355,5.00000000,9.84800000,9.84200000,2025-09-16 20:20:41
AIBTC,AI,BTC,8,8,0.00000001,0.10000000,0.00000000,0.10000000,0.00000000,46116860414.00000000,132750.07615062,0.00010000,0.00000119,0.00000117,2025-09-16 20:20:41
AIBNB,AI,BNB,8,8,0.00000010,0.10000000,0.00000000,0.10000000,0.00000000,46116860414.00000000,71301.29581589,0.01000000,0.00014500,0.00014360,2025-09-16 20:20:41
MANTABTC,MANTA,BTC,8,8,0.00000001,0.10000000,0.00000000,0.10000000,0.00000000,46116860414.00000000,37149.44769874,0.00010000,0.00000187,0.00000186,2025-09-16 20:20:41
SUIUSDC,SUI,USDC,8,8,0.00010000,0.10000000,0.00000000,0.10000000,0.00000000,92141578.00000000,183390.49832635,5.00000000,3.63730000,3.63720000,2025-09-16 20:20:41
TIAUSDC,TIA,USDC,8,8,0.00100000,0.01000000,0.00000000,0.01000000,0.00000000,92141578.00000000,34589.34071129,5.00000000,1.72200000,1.72100000,2025-09-16 20:20:41
MANTAUSDC,MANTA,USDC,8,8,0.00010000,0.10000000,0.00000000,0.10000000,0.00000000,92141578.00000000,74754.81589958,5.00000000,0.21750000,0.21740000,2025-09-16 20:20:41
ALTBTC,ALT,BTC,8,8,0.00000001,1.00000000,0.00000000,1.00000000,0.00000000,46116860414.00000000,704067.51666666,0.00010000,0.00000030,0.00000029,2025-09-16 20:20:41
ALTBNB,ALT,BNB,8,8,0.00000010,1.00000000,0.00000000,1.00000000,0.00000000,46116860414.00000000,383940.04602510,0.01000000,0.00003590,0.00003570,2025-09-16 20:20:41
BLURUSDC,BLUR,USDC,8,8,0.00001000,0.10000000,0.00000000,0.10000000,0.00000000,92141578.00000000,404279.60083682,5.00000000,0.08554000,0.08540000,2025-09-16 20:20:41
ALTUSDC,ALT,USDC,8,8,0.00001000,1.00000000,0.00000000,1.00000000,0.00000000,92141578.00000000,877186.86192468,5.00000000,0.03416000,0.03414000,2025-09-16 20:20:41
SEIUSDC,SEI,USDC,8,8,0.00010000,0.10000000,0.00000000,0.10000000,0.00000000,92141578.00000000,466195.39539748,5.00000000,0.32020000,0.32010000,2025-09-16 20:20:41
PYTHBTC,PYTH,BTC,8,8,0.00000001,0.10000000,0.00000000,0.10000000,0.00000000,46116860414.00000000,496641.13054393,0.00010000,0.00000142,0.00000141,2025-09-16 20:20:41
RONINBTC,RONIN,BTC,8,8,0.00000001,0.01000000,0.00000000,0.01000000,0.00000000,46116860414.00000000,12321.41807531,0.00010000,0.00000428,0.00000426,2025-09-16 20:20:41
JUPUSDC,JUP,USDC,8,8,0.00010000,0.10000000,0.00000000,0.10000000,0.00000000,92141578.00000000,69438.64644351,5.00000000,0.51840000,0.51830000,2025-09-16 20:20:41
FILUSDC,FIL,USDC,8,8,0.00100000,0.01000000,0.00000000,0.01000000,0.00000000,9222449.00000000,18670.60974895,5.00000000,2.54500000,2.54300000,2025-09-16 20:20:41
WLDUSDC,WLD,USDC,8,8,0.00100000,0.10000000,0.00000000,0.10000000,0.00000000,92141578.00000000,128373.70376569,5.00000000,1.51800000,1.51700000,2025-09-16 20:20:41
UNIUSDC,UNI,USDC,8,8,0.00100000,0.01000000,0.00000000,0.01000000,0.00000000,90000.00000000,13415.81832635,5.00000000,9.29800000,9.29700000,2025-09-16 20:20:41
PORTALBTC,PORTAL,BTC,8,8,0.00000001,0.10000000,0.00000000,0.10000000,0.00000000,46116860414.00000000,386979.48661087,0.00010000,0.00000042,0.00000041,2025-09-16 20:20:41
PORTALBNB,PORTAL,BNB,8,8,0.00000010,0.10000000,0.00000000,0.10000000,0.00000000,46116860414.00000000,321067.67907949,0.01000000,0.00005050,0.00005020,2025-09-16 20:20:41
AXLBTC,AXL,BTC,8,8,0.00000001,0.01000000,0.00000000,0.01000000,0.00000000,46116860414.00000000,17167.84548117,0.00010000,0.00000278,0.00000277,2025-09-16 20:20:41
PIXELUSDC,PIXEL,USDC,8,8,0.00001000,0.10000000,0.00000000,0.10000000,0.00000000,92141578.00000000,478264.47782426,5.00000000,0.03280000,0.03276000,2025-09-16 20:20:41
STRKUSDC,STRK,USDC,8,8,0.00010000,0.01000000,0.00000000,0.01000000,0.00000000,92141578.00000000,151331.23347280,5.00000000,0.13440000,0.13430000,2025-09-16 20:20:41
WIFBTC,WIF,BTC,8,8,0.00000001,0.01000000,0.00000000,0.01000000,0.00000000,46116860414.00000000,68281.10439330,0.00010000,0.00000794,0.00000793,2025-09-16 20:20:41
PEPEUSDC,PEPE,USDC,2,8,0.00000001,1.00,0.00,1.00,0.00,92233720368.00,80445205403.60,1.00000000,0.00001101,0.00001100,2025-09-16 20:20:41
SHIBUSDC,SHIB,USDC,2,8,0.00000001,1.00,0.00,1.00,0.00,46116860414.00,7465142102.35,1.00000000,0.00001324,0.00001323,2025-09-16 20:20:41
NEARUSDC,NEAR,USDC,8,8,0.00100000,0.10000000,0.00000000,0.10000000,0.00000000,900000.00000000,38723.78828451,5.00000000,2.72500000,2.72400000,2025-09-16 20:20:41
AEVOBTC,AEVO,BTC,8,8,0.00000001,0.01000000,0.00000000,0.01000000,0.00000000,46116860414.00000000,166728.33987447,0.00010000,0.00000082,0.00000081,2025-09-16 20:20:41
FETUSDC,FET,USDC,8,8,0.00100000,0.10000000,0.00000000,0.10000000,0.00000000,9000000.00000000,192574.71757322,5.00000000,0.64700000,0.64600000,2025-09-16 20:20:41
EURUSDC,EUR,USDC,8,8,0.00010000,0.10000000,0.00000000,0.10000000,0.00000000,6000000.00000000,734810.54125000,5.00000000,1.18700000,1.18690000,2025-09-16 20:20:41
BONKUSDC,BONK,USDC,2,8,0.00000001,1.00,0.00,1.00,0.00,36348600000.00,12676568743.35,1.00000000,0.00002415,0.00002414,2025-09-16 20:20:41
FLOKIUSDC,FLOKI,USDC,2,8,0.00000001,1.00,0.00,1.00,0.00,92233720368.00,369338384.90,1.00000000,0.00009723,0.00009719,2025-09-16 20:20:41
ENABTC,ENA,BTC,8,8,0.00000001,0.01000000,0.00000000,0.01000000,0.00000000,46116860414.00000000,196374.40267782,0.00010000,0.00000606,0.00000605,2025-09-16 20:20:41
ENABNB,ENA,BNB,8,8,0.00000010,0.01000000,0.00000000,0.01000000,0.00000000,46116860414.00000000,4827.89497907,0.01000000,0.00074400,0.00073760,2025-09-16 20:20:41
PENDLEUSDC,PENDLE,USDC,8,8,0.00100000,0.10000000,0.00000000,0.10000000,0.00000000,92141578.00000000,14897.04393305,5.00000000,4.98600000,4.98500000,2025-09-16 20:20:41
WBTC,W,BTC,8,8,0.00000001,0.10000000,0.00000000,0.10000000,0.00000000,46116860414.00000000,146360.46694560,0.00010000,0.00000076,0.00000075,2025-09-16 20:20:41
BOMEUSDC,BOME,USDC,2,8,0.00000100,1.00,0.00,1.00,0.00,46000000000.00,16077768.40,1.00000000,0.00206100,0.00206000,2025-09-16 20:20:41
JTOUSDC,JTO,USDC,8,8,0.00100000,0.10000000,0.00000000,0.10000000,0.00000000,92141578.00000000,52538.87280334,5.00000000,1.86400000,1.86300000,2025-09-16 20:20:41
WIFUSDC,WIF,USDC,8,8,0.00100000,0.01000000,0.00000000,0.01000000,0.00000000,92141578.00000000,218487.13849372,1.00000000,0.92700000,0.92600000,2025-09-16 20:20:41
SAGABTC,SAGA,BTC,8,8,0.00000001,0.10000000,0.00000000,0.10000000,0.00000000,46116860414.00000000,80987.25857740,0.00010000,0.00000220,0.00000219,2025-09-16 20:20:41
SAGABNB,SAGA,BNB,8,8,0.00000100,0.10000000,0.00000000,0.10000000,0.00000000,46116860414.00000000,64823.20794979,0.01000000,0.00026800,0.00026700,2025-09-16 20:20:41
CKBUSDC,CKB,USDC,8,8,0.00000100,1.00000000,0.00000000,1.00000000,0.00000000,92141578.00000000,2561957.93750000,5.00000000,0.00520000,0.00519500,2025-09-16 20:20:41
ENAUSDC,ENA,USDC,8,8,0.00010000,0.01000000,0.00000000,0.01000000,0.00000000,92141578.00000000,622150.87008368,5.00000000,0.70670000,0.70660000,2025-09-16 20:20:41
ETHFIUSDC,ETHFI,USDC,8,8,0.00100000,0.10000000,0.00000000,0.10000000,0.00000000,92141578.00000000,42312.74142259,5.00000000,1.51100000,1.51000000,2025-09-16 20:20:41
YGGUSDC,YGG,USDC,8,8,0.00010000,0.10000000,0.00000000,0.10000000,0.00000000,92141578.00000000,207616.31166666,5.00000000,0.19600000,0.19580000,2025-09-16 20:20:41
TAOBTC,TAO,BTC,8,8,0.00000100,0.00010000,0.00000000,0.00010000,0.00000000,92141578.00000000,61.55436025,0.00010000,0.00295400,0.00295300,2025-09-16 20:20:41
CFXUSDC,CFX,USDC,8,8,0.00010000,1.00000000,0.00000000,1.00000000,0.00000000,9222449.00000000,406863.89121338,5.00000000,0.18460000,0.18450000,2025-09-16 20:20:41
RUNEUSDC,RUNE,USDC,8,8,0.00100000,0.10000000,0.00000000,0.10000000,0.00000000,90000.00000000,90000.00000000,5.00000000,1.28000000,1.27900000,2025-09-16 20:20:41
SAGAUSDC,SAGA,USDC,8,8,0.00010000,0.10000000,0.00000000,0.10000000,0.00000000,92141578.00000000,111001.31966527,5.00000000,0.25580000,0.25570000,2025-09-16 20:20:41
OMNIBTC,OMNI,BTC,8,8,0.00000010,0.01000000,0.00000000,0.01000000,0.00000000,92141578.00000000,3424.40711297,0.00010000,0.00003120,0.00003110,2025-09-16 20:20:41
APTUSDC,APT,USDC,8,8,0.00100000,0.01000000,0.00000000,0.01000000,0.00000000,92141578.00000000,22368.51213389,5.00000000,4.44900000,4.44800000,2025-09-16 20:20:41
GALAUSDC,GALA,USDC,8,8,0.00001000,1.00000000,0.00000000,1.00000000,0.00000000,92141578.00000000,3971861.73221757,5.00000000,0.01711000,0.01710000,2025-09-16 20:20:41
STXUSDC,STX,USDC,8,8,0.00100000,0.10000000,0.00000000,0.10000000,0.00000000,900000.00000000,55121.24979079,5.00000000,0.66800000,0.66700000,2025-09-16 20:20:41
ICPUSDC,ICP,USDC,8,8,0.00100000,0.01000000,0.00000000,0.01000000,0.00000000,922327.00000000,14661.91858333,5.00000000,4.77100000,4.77000000,2025-09-16 20:20:41
OMNIUSDC,OMNI,USDC,8,8,0.01000000,0.01000000,0.00000000,0.01000000,0.00000000,9222449.00000000,9332.65740585,5.00000000,3.64000000,3.63000000,2025-09-16 20:20:41
BBBTC,BB,BTC,8,8,0.00000001,0.10000000,0.00000000,0.10000000,0.00000000,46116860414.00000000,69053.96778242,0.00010000,0.00000148,0.00000146,2025-09-16 20:20:41
BBBNB,BB,BNB,8,8,0.00000010,0.10000000,0.00000000,0.10000000,0.00000000,46116860414.00000000,52383.55020920,0.01000000,0.00018030,0.00017920,2025-09-16 20:20:41
TRBUSDC,TRB,USDC,8,8,0.01000000,0.00100000,0.00000000,0.00100000,0.00000000,90000.00000000,1029.91721338,5.00000000,35.97000000,35.95000000,2025-09-16 20:20:41
ARKMUSDC,ARKM,USDC,8,8,0.00100000,0.10000000,0.00000000,0.10000000,0.00000000,92141578.00000000,57634.45355648,5.00000000,0.62100000,0.62000000,2025-09-16 20:20:41
ARUSDC,AR,USDC,8,8,0.01000000,0.01000000,0.00000000,0.01000000,0.00000000,100000.00000000,2004.92774058,5.00000000,7.07000000,7.06000000,2025-09-16 20:20:41
BBUSDC,BB,USDC,8,8,0.00010000,0.10000000,0.00000000,0.10000000,0.00000000,92141578.00000000,135035.43708333,5.00000000,0.17170000,0.17160000,2025-09-16 20:20:41
CRVUSDC,CRV,USDC,8,8,0.00010000,0.10000000,0.00000000,0.10000000,0.00000000,922327.00000000,154519.53138075,5.00000000,0.73540000,0.73530000,2025-09-16 20:20:41
PEOPLEUSDC,PEOPLE,USDC,8,8,0.00001000,0.10000000,0.00000000,0.10000000,0.00000000,92141578.00000000,816836.18200836,1.00000000,0.02083000,0.02082000,2025-09-16 20:20:41
REZUSDC,REZ,USDC,8,8,0.00001000,0.10000000,0.00000000,0.10000000,0.00000000,92141578.00000000,1345738.66861924,5.00000000,0.01175000,0.01174000,2025-09-16 20:20:41
ENSUSDC,ENS,USDC,8,8,0.01000000,0.01000000,0.00000000,0.01000000,0.00000000,9222449.00000000,1109.85602510,5.00000000,23.54000000,23.53000000,2025-09-16 20:20:41
LDOUSDC,LDO,USDC,8,8,0.00010000,0.01000000,0.00000000,0.01000000,0.00000000,92141578.00000000,68792.59112970,5.00000000,1.20070000,1.20060000,2025-09-16 20:20:41
NOTUSDC,NOT,USDC,2,8,0.00000100,1.00,0.00,1.00,0.00,8000000000.00,16010189.20,5.00000000,0.00189500,0.00189400,2025-09-16 20:20:41
TNSRUSDC,TNSR,USDC,8,8,0.00010000,0.10000000,0.00000000,0.10000000,0.00000000,92141578.00000000,500554.28828451,5.00000000,0.12340000,0.12330000,2025-09-16 20:20:41
IOBTC,IO,BTC,8,8,0.00000001,0.01000000,0.00000000,0.01000000,0.00000000,46116860414.00000000,10708.22673640,0.00010000,0.00000544,0.00000542,2025-09-16 20:20:41
IOBNB,IO,BNB,8,8,0.00000100,0.01000000,0.00000000,0.01000000,0.00000000,92141578.00000000,30457.60811715,0.01000000,0.00066500,0.00066400,2025-09-16 20:20:41
ZKBTC,ZK,BTC,8,8,0.00000001,0.10000000,0.00000000,0.10000000,0.00000000,46116860414.00000000,1991509.34435146,0.00010000,0.00000050,0.00000049,2025-09-16 20:20:41
LISTABNB,LISTA,BNB,8,8,0.00000010,0.10000000,0.00000000,0.10000000,0.00000000,46116860414.00000000,33593.33807531,0.01000000,0.00027160,0.00026740,2025-09-16 20:20:41
ZROBTC,ZRO,BTC,8,8,0.00000001,0.01000000,0.00000000,0.01000000,0.00000000,46116860414.00000000,2576.20987447,0.00010000,0.00001652,0.00001651,2025-09-16 20:20:41
ZKUSDC,ZK,USDC,8,8,0.00001000,0.10000000,0.00000000,0.10000000,0.00000000,92141578.00000000,273688.98995815,5.00000000,0.05808000,0.05806000,2025-09-16 20:20:41
ZROUSDC,ZRO,USDC,8,8,0.00100000,0.01000000,0.00000000,0.01000000,0.00000000,92141578.00000000,12107.86523012,5.00000000,1.92800000,1.92700000,2025-09-16 20:20:41
IOUSDC,IO,USDC,8,8,0.00100000,0.01000000,0.00000000,0.01000000,0.00000000,9222449.00000000,25822.30824267,5.00000000,0.63500000,0.63400000,2025-09-16 20:20:41
1000SATSUSDC,1000SATS,USDC,2,8,0.00000001,1.00,0.00,1.00,0.00,36348600000.00,631994894.70,1.00000000,0.00004089,0.00004086,2025-09-16 20:20:41
BANANABTC,BANANA,BTC,8,8,0.00000010,0.00100000,0.00000000,0.00100000,0.00000000,46116860414.00000000,1600.09174895,0.00010000,0.00018530,0.00018490,2025-09-16 20:20:41
BANANABNB,BANANA,BNB,8,8,0.00001000,0.00100000,0.00000000,0.00100000,0.00000000,92141578.00000000,1172.12939748,0.01000000,0.02268000,0.02263000,2025-09-16 20:20:41
RENDERBTC,RENDER,BTC,8,8,0.00000001,0.01000000,0.00000000,0.01000000,0.00000000,46116860414.00000000,3906.36954166,0.00010000,0.00003340,0.00003339,2025-09-16 20:20:41
RENDERUSDC,RENDER,USDC,8,8,0.00100000,0.01000000,0.00000000,0.01000000,0.00000000,92141578.00000000,17561.36217573,5.00000000,3.89900000,3.89800000,2025-09-16 20:20:41
TONBTC,TON,BTC,8,8,0.00000001,0.01000000,0.00000000,0.01000000,0.00000000,46116860414.00000000,2020.59254166,0.00010000,0.00002730,0.00002728,2025-09-16 20:20:41
TONUSDC,TON,USDC,8,8,0.00100000,0.01000000,0.00000000,0.01000000,0.00000000,92141578.00000000,31466.71041841,5.00000000,3.18600000,3.18500000,2025-09-16 20:20:41
DOGSUSDC,DOGS,USDC,2,8,0.00000010,1.00,0.00,1.00,0.00,36348600000.00,78586992.25,1.00000000,0.00013810,0.00013800,2025-09-16 20:20:41
RAREUSDC,RARE,USDC,8,8,0.00010000,0.10000000,0.00000000,0.10000000,0.00000000,92141578.00000000,363073.23012552,5.00000000,0.06120000,0.06100000,2025-09-16 20:20:41
SLFBTC,SLF,BTC,8,8,0.00000001,0.10000000,0.00000000,0.10000000,0.00000000,46116860414.00000000,229464.87573221,0.00010000,0.00000027,0.00000026,2025-09-16 20:20:41
SLFUSDC,SLF,USDC,8,8,0.00010000,0.10000000,0.00000000,0.10000000,0.00000000,92141578.00000000,166966.00292887,5.00000000,0.03060000,0.03050000,2025-09-16 20:20:41
AAVEUSDC,AAVE,USDC,8,8,0.01000000,0.00100000,0.00000000,0.00100000,0.00000000,900000.00000000,1206.89123012,5.00000000,298.81000000,298.80000000,2025-09-16 20:20:41
POLBNB,POL,BNB,8,8,0.00000010,0.10000000,0.00000000,0.10000000,0.00000000,92141578.00000000,244689.44184100,0.01000000,0.00027160,0.00027130,2025-09-16 20:20:41
POLBTC,POL,BTC,8,8,0.00000001,0.10000000,0.00000000,0.10000000,0.00000000,92141578.00000000,113432.30669456,0.00010000,0.00000222,0.00000221,2025-09-16 20:20:41
POLETH,POL,ETH,8,8,0.00000010,0.10000000,0.00000000,0.10000000,0.00000000,92141578.00000000,35996.29790794,0.00100000,0.00005770,0.00005750,2025-09-16 20:20:41
POLUSDC,POL,USDC,8,8,0.00010000,0.10000000,0.00000000,0.10000000,0.00000000,92141578.00000000,216255.09581589,5.00000000,0.25910000,0.25900000,2025-09-16 20:20:41
EIGENBTC,EIGEN,BTC,8,8,0.00000001,0.01000000,0.00000000,0.01000000,0.00000000,46116860414.00000000,4354.34092050,0.00010000,0.00001362,0.00001357,2025-09-16 20:20:41
SCRBTC,SCR,BTC,8,8,0.00000001,0.10000000,0.00000000,0.10000000,0.00000000,46116860414.00000000,20162.54267782,0.00010000,0.00000278,0.00000277,2025-09-16 20:20:41
ACTUSDC,ACT,USDC,8,8,0.00010000,0.10000000,0.00000000,0.10000000,0.00000000,913205152.00000000,534494.02384937,1.00000000,0.03880000,0.03870000,2025-09-16 20:20:41
NEIROUSDC,NEIRO,USDC,2,8,0.00000001,1.00,0.00,1.00,0.00,36348600000.00,161388594.35,1.00000000,0.00036388,0.00036345,2025-09-16 20:20:41
PNUTBTC,PNUT,BTC,8,8,0.00000001,0.10000000,0.00000000,0.10000000,0.00000000,46116860414.00000000,26615.62970711,0.00010000,0.00000211,0.00000210,2025-09-16 20:20:41
PNUTUSDC,PNUT,USDC,8,8,0.00010000,0.10000000,0.00000000,0.10000000,0.00000000,913205152.00000000,262552.76652719,1.00000000,0.24550000,0.24540000,2025-09-16 20:20:41
CATIUSDC,CATI,USDC,8,8,0.00010000,0.10000000,0.00000000,0.10000000,0.00000000,913205152.00000000,234775.94351464,1.00000000,0.08860000,0.08840000,2025-09-16 20:20:41
FDUSDUSDC,FDUSD,USDC,8,8,0.00010000,1.00000000,0.00000000,1.00000000,0.00000000,10000000.00000000,6388941.67364016,5.00000000,0.99840000,0.99830000,2025-09-16 20:20:41
HBARUSDC,HBAR,USDC,8,8,0.00001000,1.00000000,0.00000000,1.00000000,0.00000000,9000000.00000000,1142002.43096234,5.00000000,0.23965000,0.23964000,2025-09-16 20:20:41
OMUSDC,OM,USDC,8,8,0.00010000,0.10000000,0.00000000,0.10000000,0.00000000,9222449.00000000,128983.98828451,5.00000000,0.21080000,0.21070000,2025-09-16 20:20:41
RAYUSDC,RAY,USDC,8,8,0.00100000,0.10000000,0.00000000,0.10000000,0.00000000,9222449.00000000,16932.97489539,5.00000000,3.28800000,3.28600000,2025-09-16 20:20:41
TAOUSDC,TAO,USDC,8,8,0.10000000,0.00010000,0.00000000,0.00010000,0.00000000,922327.00000000,530.53892594,5.00000000,345.00000000,344.90000000,2025-09-16 20:20:41
APEUSDC,APE,USDC,8,8,0.00010000,0.01000000,0.00000000,0.01000000,0.00000000,92141578.00000000,29655.84238493,5.00000000,0.58890000,0.58860000,2025-09-16 20:20:41
EIGENUSDC,EIGEN,USDC,8,8,0.00100000,0.01000000,0.00000000,0.01000000,0.00000000,92141578.00000000,38810.55230125,5.00000000,1.59000000,1.58900000,2025-09-16 20:20:41
MEMEUSDC,MEME,USDC,8,8,0.00000100,1.00000000,0.00000000,1.00000000,0.00000000,913205152.00000000,22349664.21757322,1.00000000,0.00262600,0.00262400,2025-09-16 20:20:41
1MBABYDOGEUSDC,1MBABYDOGE,USDC,2,8,0.00000010,1.00,0.00,1.00,0.00,36348600000.00,21197875.90,1.00000000,0.00134910,0.00134820,2025-09-16 20:20:41
CETUSUSDC,CETUS,USDC,8,8,0.00010000,0.10000000,0.00000000,0.10000000,0.00000000,913205152.00000000,279514.76820083,5.00000000,0.09130000,0.09120000,2025-09-16 20:20:41
COWUSDC,COW,USDC,8,8,0.00010000,0.10000000,0.00000000,0.10000000,0.00000000,913205152.00000000,20387.95791666,5.00000000,0.33840000,0.33800000,2025-09-16 20:20:41
DYDXUSDC,DYDX,USDC,8,8,0.00010000,0.01000000,0.00000000,0.01000000,0.00000000,9222449.00000000,26524.45263598,5.00000000,0.63310000,0.63270000,2025-09-16 20:20:41
HMSTRUSDC,HMSTR,USDC,2,8,0.00000100,1.00,0.00,1.00,0.00,36348600000.00,21713007.35,5.00000000,0.00071900,0.00071800,2025-09-16 20:20:41
TURBOUSDC,TURBO,USDC,8,8,0.00000100,1.00000000,0.00000000,1.00000000,0.00000000,8384883677.00000000,2769441.96234309,1.00000000,0.00410500,0.00410300,2025-09-16 20:20:41
KAIAUSDC,KAIA,USDC,8,8,0.00010000,0.10000000,0.00000000,0.10000000,0.00000000,913205152.00000000,607522.69665271,5.00000000,0.15900000,0.15890000,2025-09-16 20:20:41
SANDUSDC,SAND,USDC,8,8,0.00010000,1.00000000,0.00000000,1.00000000,0.00000000,9000000.00000000,32845.18750000,5.00000000,0.30210000,0.30200000,2025-09-16 20:20:41
CHZUSDC,CHZ,USDC,8,8,0.00001000,1.00000000,0.00000000,1.00000000,0.00000000,9000000.00000000,760000.63179916,5.00000000,0.04167000,0.04165000,2025-09-16 20:20:41
PYTHUSDC,PYTH,USDC,8,8,0.00010000,0.10000000,0.00000000,0.10000000,0.00000000,92141578.00000000,393196.30334728,5.00000000,0.16470000,0.16460000,2025-09-16 20:20:41
RSRUSDC,RSR,USDC,8,8,0.00000100,0.10000000,0.00000000,0.10000000,0.00000000,9000000.00000000,4186000.22175732,5.00000000,0.00751000,0.00750700,2025-09-16 20:20:41
WUSDC,W,USDC,8,8,0.00010000,0.10000000,0.00000000,0.10000000,0.00000000,92141578.00000000,220322.30543933,5.00000000,0.08770000,0.08760000,2025-09-16 20:20:41
XTZUSDC,XTZ,USDC,8,8,0.00010000,0.10000000,0.00000000,0.10000000,0.00000000,900000.00000000,11149.58828451,5.00000000,0.77350000,0.77330000,2025-09-16 20:20:41
MOVEBTC,MOVE,BTC,8,8,0.00000001,0.10000000,0.00000000,0.10000000,0.00000000,46116860414.00000000,24841.59707112,0.00010000,0.00000112,0.00000111,2025-09-16 20:20:41
MOVEBNB,MOVE,BNB,8,8,0.00000010,0.10000000,0.00000000,0.10000000,0.00000000,46116860414.00000000,146814.23472803,0.01000000,0.00013660,0.00013590,2025-09-16 20:20:41
MEBTC,ME,BTC,8,8,0.00000001,0.01000000,0.00000000,0.01000000,0.00000000,46116860414.00000000,16449.73481171,0.00010000,0.00000583,0.00000582,2025-09-16 20:20:41
ACXUSDC,ACX,USDC,8,8,0.00010000,0.10000000,0.00000000,0.10000000,0.00000000,92141578.00000000,135652.91506276,5.00000000,0.13870000,0.13840000,2025-09-16 20:20:41
ORCAUSDC,ORCA,USDC,8,8,0.00100000,0.01000000,0.00000000,0.01000000,0.00000000,92141578.00000000,3228.73066945,5.00000000,2.25000000,2.24800000,2025-09-16 20:20:41
HIVEUSDC,HIVE,USDC,8,8,0.00010000,1.00000000,0.00000000,1.00000000,0.00000000,900000.00000000,77001.51046025,5.00000000,0.20270000,0.20240000,2025-09-16 20:20:41
IDEXUSDC,IDEX,USDC,8,8,0.00001000,0.10000000,0.00000000,0.10000000,0.00000000,913205152.00000000,589262.00292887,5.00000000,0.02797000,0.02790000,2025-09-16 20:20:41
TLMUSDC,TLM,USDC,8,8,0.00001000,1.00000000,0.00000000,1.00000000,0.00000000,92141578.00000000,3395047.49372384,5.00000000,0.00477000,0.00476000,2025-09-16 20:20:41
USUALBTC,USUAL,BTC,8,8,0.00000001,0.10000000,0.00000000,0.10000000,0.00000000,46116860414.00000000,171943.96150627,0.00010000,0.00000056,0.00000055,2025-09-16 20:20:41
1000CATUSDC,1000CAT,USDC,8,8,0.00001000,0.10000000,0.00000000,0.10000000,0.00000000,92141578.00000000,2928544.67489539,1.00000000,0.00831000,0.00829000,2025-09-16 20:20:41
PENGUUSDC,PENGU,USDC,8,8,0.00000100,1.00000000,0.00000000,1.00000000,0.00000000,92141578.00000000,6961247.34728033,1.00000000,0.03445800,0.03445300,2025-09-16 20:20:41
BIOBNB,BIO,BNB,8,8,0.00000001,0.10000000,0.00000000,0.10000000,0.00000000,46116860414.00000000,353923.61506276,0.01000000,0.00017189,0.00016997,2025-09-16 20:20:41
BIOUSDC,BIO,USDC,8,8,0.00010000,0.10000000,0.00000000,0.10000000,0.00000000,913205152.00000000,371411.54769874,5.00000000,0.16310000,0.16300000,2025-09-16 20:20:41
MOVEUSDC,MOVE,USDC,8,8,0.00010000,0.10000000,0.00000000,0.10000000,0.00000000,92141578.00000000,76510.04560669,5.00000000,0.12990000,0.12980000,2025-09-16 20:20:41
PHAUSDC,PHA,USDC,8,8,0.00010000,1.00000000,0.00000000,1.00000000,0.00000000,92141578.00000000,84133.79497907,5.00000000,0.10650000,0.10640000,2025-09-16 20:20:41
STEEMUSDC,STEEM,USDC,8,8,0.00010000,0.10000000,0.00000000,0.10000000,0.00000000,92141578.00000000,61644.39665271,5.00000000,0.13230000,0.13210000,2025-09-16 20:20:41
USUALUSDC,USUAL,USDC,8,8,0.00010000,0.10000000,0.00000000,0.10000000,0.00000000,92141578.00000000,282097.03933054,5.00000000,0.06500000,0.06490000,2025-09-16 20:20:41
AIXBTUSDC,AIXBT,USDC,8,8,0.00010000,0.10000000,0.00000000,0.10000000,0.00000000,92141578.00000000,147441.83891213,5.00000000,0.11470000,0.11450000,2025-09-16 20:20:41
CGPTUSDC,CGPT,USDC,8,8,0.00010000,0.10000000,0.00000000,0.10000000,0.00000000,92141578.00000000,244325.42594142,5.00000000,0.09600000,0.09590000,2025-09-16 20:20:41
COOKIEUSDC,COOKIE,USDC,8,8,0.00010000,0.10000000,0.00000000,0.10000000,0.00000000,92141578.00000000,141608.31213389,5.00000000,0.13120000,0.13110000,2025-09-16 20:20:41
SBTC,S,BTC,8,8,0.00000001,0.10000000,0.00000000,0.10000000,0.00000000,46116860414.00000000,184515.70209205,0.00010000,0.00000261,0.00000260,2025-09-16 20:20:41
SBNB,S,BNB,8,8,0.00000100,0.10000000,0.00000000,0.10000000,0.00000000,46116860414.00000000,88928.84895397,0.01000000,0.00031900,0.00031800,2025-09-16 20:20:41
SETH,S,ETH,8,8,0.00000010,0.10000000,0.00000000,0.10000000,0.00000000,46116860414.00000000,12000.42719665,0.00100000,0.00006770,0.00006750,2025-09-16 20:20:41
SUSDC,S,USDC,8,8,0.00010000,0.10000000,0.00000000,0.10000000,0.00000000,913205152.00000000,419864.33916666,5.00000000,0.30430000,0.30420000,2025-09-16 20:20:41
SOLVBNB,SOLV,BNB,8,8,0.00000001,1.00000000,0.00000000,1.00000000,0.00000000,46116860414.00000000,298642.23849372,0.01000000,0.00004353,0.00004326,2025-09-16 20:20:41
TRUMPUSDC,TRUMP,USDC,8,8,0.01000000,0.00100000,0.00000000,0.00100000,0.00000000,9222449.00000000,20409.48678661,1.00000000,8.61000000,8.60000000,2025-09-16 20:20:41
ANIMEUSDC,ANIME,USDC,8,8,0.00001000,0.10000000,0.00000000,0.10000000,0.00000000,92141578.00000000,839309.76108786,5.00000000,0.01599000,0.01597000,2025-09-16 20:20:41
BERABTC,BERA,BTC,8,8,0.00000001,0.00100000,0.00000000,0.00100000,0.00000000,46116860414.00000000,16363.35554811,0.00010000,0.00001991,0.00001987,2025-09-16 20:20:41
BERAUSDC,BERA,USDC,8,8,0.00100000,0.00100000,0.00000000,0.00100000,0.00000000,92141578.00000000,23420.21371129,5.00000000,2.32300000,2.32100000,2025-09-16 20:20:41
BERABNB,BERA,BNB,8,8,0.00000100,0.00100000,0.00000000,0.00100000,0.00000000,8384883677.00000000,3179.70425523,0.01000000,0.00243600,0.00243100,2025-09-16 20:20:41
1000CHEEMSUSDC,1000CHEEMS,USDC,2,8,0.00000100,1.00,0.00,1.00,0.00,36348600000.00,2679869.65,1.00000000,0.00123800,0.00123500,2025-09-16 20:20:41
TSTUSDC,TST,USDC,8,8,0.00001000,0.10000000,0.00000000,0.10000000,0.00000000,92141578.00000000,952947.07907949,1.00000000,0.03171000,0.03155000,2025-09-16 20:20:41
LAYERBTC,LAYER,BTC,8,8,0.00000001,0.01000000,0.00000000,0.01000000,0.00000000,46116860414.00000000,6557.94589958,0.00010000,0.00000453,0.00000451,2025-09-16 20:20:41
LAYERUSDC,LAYER,USDC,8,8,0.00010000,0.01000000,0.00000000,0.01000000,0.00000000,92141578.00000000,63832.57129707,5.00000000,0.52770000,0.52710000,2025-09-16 20:20:41
LAYERBNB,LAYER,BNB,8,8,0.00000010,0.01000000,0.00000000,0.01000000,0.00000000,46116860414.00000000,17903.48552301,0.01000000,0.00055290,0.00055240,2025-09-16 20:20:41
HEIBTC,HEI,BTC,8,8,0.00000001,0.10000000,0.00000000,0.10000000,0.00000000,46116860414.00000000,13281.96527196,0.00010000,0.00000361,0.00000359,2025-09-16 20:20:41
CAKEUSDC,CAKE,USDC,8,8,0.00100000,0.01000000,0.00000000,0.01000000,0.00000000,90000.00000000,10394.74263598,5.00000000,2.52300000,2.52200000,2025-09-16 20:20:41
HEIUSDC,HEI,USDC,8,8,0.00010000,0.10000000,0.00000000,0.10000000,0.00000000,92141578.00000000,80707.20878661,5.00000000,0.42080000,0.42020000,2025-09-16 20:20:41
KAITOBTC,KAITO,BTC,8,8,0.00000001,0.10000000,0.00000000,0.10000000,0.00000000,46116860414.00000000,2890.33849372,0.00010000,0.00000957,0.00000956,2025-09-16 20:20:41
KAITOUSDC,KAITO,USDC,8,8,0.00010000,0.10000000,0.00000000,0.10000000,0.00000000,92141578.00000000,16003.32845188,5.00000000,1.11620000,1.11600000,2025-09-16 20:20:41
SHELLBTC,SHELL,BTC,8,8,0.00000001,0.10000000,0.00000000,0.10000000,0.00000000,46116860414.00000000,58134.69163179,0.00010000,0.00000112,0.00000111,2025-09-16 20:20:41
SHELLUSDC,SHELL,USDC,8,8,0.00010000,0.10000000,0.00000000,0.10000000,0.00000000,913205152.00000000,212322.17615062,5.00000000,0.13020000,0.13010000,2025-09-16 20:20:41
SHELLBNB,SHELL,BNB,8,8,0.00000010,0.10000000,0.00000000,0.10000000,0.00000000,46116860414.00000000,11879.84435146,0.01000000,0.00013690,0.00013470,2025-09-16 20:20:41
GPSUSDC,GPS,USDC,8,8,0.00001000,0.10000000,0.00000000,0.10000000,0.00000000,913205152.00000000,2210965.79163179,5.00000000,0.01348000,0.01345000,2025-09-16 20:20:41
GPSBNB,GPS,BNB,8,8,0.00000001,0.10000000,0.00000000,0.10000000,0.00000000,46116860414.00000000,908780.86610878,0.01000000,0.00001424,0.00001398,2025-09-16 20:20:41
REDBTC,RED,BTC,8,8,0.00000001,0.10000000,0.00000000,0.10000000,0.00000000,46116860414.00000000,6150.54728033,0.00010000,0.00000501,0.00000499,2025-09-16 20:20:41
REDUSDC,RED,USDC,8,8,0.00010000,0.10000000,0.00000000,0.10000000,0.00000000,92141578.00000000,9884.22635983,5.00000000,0.58410000,0.58320000,2025-09-16 20:20:41
CHESSUSDC,CHESS,USDC,8,8,0.00001000,0.10000000,0.00000000,0.10000000,0.00000000,92141578.00000000,421052.47071129,5.00000000,0.07402000,0.07368000,2025-09-16 20:20:41
EGLDUSDC,EGLD,USDC,8,8,0.01000000,0.01000000,0.00000000,0.01000000,0.00000000,900000.00000000,3408.45615062,5.00000000,13.99000000,13.98000000,2025-09-16 20:20:41
OSMOUSDC,OSMO,USDC,8,8,0.00010000,0.01000000,0.00000000,0.01000000,0.00000000,92141578.00000000,60960.03380753,5.00000000,0.16300000,0.16230000,2025-09-16 20:20:41
UTKUSDC,UTK,USDC,8,8,0.00001000,1.00000000,0.00000000,1.00000000,0.00000000,900000.00000000,93821.34728033,5.00000000,0.02614000,0.02579000,2025-09-16 20:20:41
TUSDC,T,USDC,8,8,0.00001000,0.10000000,0.00000000,0.10000000,0.00000000,92141578.00000000,931813.83389121,5.00000000,0.01690000,0.01688000,2025-09-16 20:20:41
CVCUSDC,CVC,USDC,8,8,0.00010000,1.00000000,0.00000000,1.00000000,0.00000000,9000000.00000000,186297.22594142,5.00000000,0.08980000,0.08970000,2025-09-16 20:20:41
EURIUSDC,EURI,USDC,8,8,0.00010000,0.10000000,0.00000000,0.10000000,0.00000000,6000000.00000000,72895.43041666,5.00000000,1.18670000,1.18660000,2025-09-16 20:20:41
SYNUSDC,SYN,USDC,8,8,0.00010000,0.10000000,0.00000000,0.10000000,0.00000000,92141578.00000000,184384.59163179,5.00000000,0.13440000,0.13420000,2025-09-16 20:20:41
VELODROMEUSDC,VELODROME,USDC,8,8,0.00010000,0.10000000,0.00000000,0.10000000,0.00000000,92141578.00000000,186351.87029288,5.00000000,0.05190000,0.05180000,2025-09-16 20:20:41
DFUSDC,DF,USDC,8,8,0.00001000,1.00000000,0.00000000,1.00000000,0.00000000,92141578.00000000,1036416.00000000,5.00000000,0.02831000,0.02828000,2025-09-16 20:20:41
EPICUSDC,EPIC,USDC,8,8,0.00100000,0.10000000,0.00000000,0.10000000,0.00000000,9222449.00000000,8739.18786610,5.00000000,2.05900000,2.05700000,2025-09-16 20:20:41
GMXUSDC,GMX,USDC,8,8,0.01000000,0.00100000,0.00000000,0.00100000,0.00000000,9222449.00000000,1422.24472803,5.00000000,15.27000000,15.25000000,2025-09-16 20:20:41
RPLUSDC,RPL,USDC,8,8,0.01000000,0.01000000,0.00000000,0.01000000,0.00000000,9222449.00000000,1674.73280334,5.00000000,6.47000000,6.45000000,2025-09-16 20:20:41
BMTUSDC,BMT,USDC,8,8,0.00010000,0.10000000,0.00000000,0.10000000,0.00000000,913205152.00000000,437075.98661087,5.00000000,0.06760000,0.06750000,2025-09-16 20:20:41
FORMUSDC,FORM,USDC,8,8,0.00010000,0.10000000,0.00000000,0.10000000,0.00000000,92141578.00000000,4931.49916317,5.00000000,1.99040000,1.98770000,2025-09-16 20:20:41
IOTAUSDC,IOTA,USDC,8,8,0.00010000,1.00000000,0.00000000,1.00000000,0.00000000,900000.00000000,108233.15062761,5.00000000,0.19010000,0.19000000,2025-09-16 20:20:41
JUVUSDC,JUV,USDC,8,8,0.00100000,0.01000000,0.00000000,0.01000000,0.00000000,90000.00000000,15105.17058577,5.00000000,1.14600000,1.14300000,2025-09-16 20:20:41
THEUSDC,THE,USDC,8,8,0.00010000,0.10000000,0.00000000,0.10000000,0.00000000,92141578.00000000,118836.92635983,5.00000000,0.33330000,0.33290000,2025-09-16 20:20:41
VANRYUSDC,VANRY,USDC,8,8,0.00010000,1.00000000,0.00000000,1.00000000,0.00000000,92141578.00000000,655607.09623430,5.00000000,0.02870000,0.02860000,2025-09-16 20:20:41
NILBNB,NIL,BNB,8,8,0.00000010,0.10000000,0.00000000,0.10000000,0.00000000,46116860414.00000000,3986.84769874,0.01000000,0.00033610,0.00032430,2025-09-16 20:20:41
NILUSDC,NIL,USDC,8,8,0.00010000,0.10000000,0.00000000,0.10000000,0.00000000,92141578.00000000,93843.91380753,5.00000000,0.31770000,0.31720000,2025-09-16 20:20:41
BEAMXUSDC,BEAMX,USDC,8,8,0.00000100,1.00000000,0.00000000,1.00000000,0.00000000,913205152.00000000,3860864.17154811,5.00000000,0.00756200,0.00756100,2025-09-16 20:20:41
VANAUSDC,VANA,USDC,8,8,0.00100000,0.01000000,0.00000000,0.01000000,0.00000000,9222449.00000000,4635.17539748,5.00000000,4.29400000,4.28100000,2025-09-16 20:20:41
PARTIUSDC,PARTI,USDC,8,8,0.00010000,0.10000000,0.00000000,0.10000000,0.00000000,92141578.00000000,87376.40543933,5.00000000,0.17920000,0.17900000,2025-09-16 20:20:41
PARTIBNB,PARTI,BNB,8,8,0.00000001,0.10000000,0.00000000,0.10000000,0.00000000,46116860414.00000000,311988.70502092,0.01000000,0.00018797,0.00018763,2025-09-16 20:20:41
MUBARAKUSDC,MUBARAK,USDC,8,8,0.00001000,0.10000000,0.00000000,0.10000000,0.00000000,813000000.00000000,352843.34769874,1.00000000,0.03590000,0.03582000,2025-09-16 20:20:41
TUTUSDC,TUT,USDC,8,8,0.00001000,1.00000000,0.00000000,1.00000000,0.00000000,8080000000.00000000,443034.19246861,1.00000000,0.06792000,0.06777000,2025-09-16 20:20:41
BANANAS31USDC,BANANAS31,USDC,8,8,0.00000100,1.00000000,0.00000000,1.00000000,0.00000000,8080000000.00000000,4835827.45606694,1.00000000,0.00596000,0.00595700,2025-09-16 20:20:41
BROCCOLI714USDC,BROCCOLI714,USDC,8,8,0.00001000,1.00000000,0.00000000,1.00000000,0.00000000,813000000.00000000,326954.63598326,1.00000000,0.02758000,0.02745000,2025-09-16 20:20:41
GUNBNB,GUN,BNB,8,8,0.00000001,1.00000000,0.00000000,1.00000000,0.00000000,913205152.00000000,195480.52719665,0.01000000,0.00002601,0.00002590,2025-09-16 20:20:41
THETAUSDC,THETA,USDC,8,8,0.00100000,0.10000000,0.00000000,0.10000000,0.00000000,90000.00000000,35005.81924686,5.00000000,0.82700000,0.82600000,2025-09-16 20:20:41
API3USDC,API3,USDC,8,8,0.00010000,0.01000000,0.00000000,0.01000000,0.00000000,92141578.00000000,27651.19179916,5.00000000,0.92850000,0.92780000,2025-09-16 20:20:41
AUCTIONUSDC,AUCTION,USDC,8,8,0.01000000,0.01000000,0.00000000,0.01000000,0.00000000,9222449.00000000,1532.28987447,5.00000000,9.65000000,9.64000000,2025-09-16 20:20:41
BANANAUSDC,BANANA,USDC,8,8,0.01000000,0.00100000,0.00000000,0.00100000,0.00000000,9222449.00000000,1332.40766108,5.00000000,21.62000000,21.60000000,2025-09-16 20:20:41
GUNUSDC,GUN,USDC,8,8,0.00001000,1.00000000,0.00000000,1.00000000,0.00000000,913205152.00000000,602809.68200836,5.00000000,0.02479000,0.02474000,2025-09-16 20:20:41
QNTUSDC,QNT,USDC,8,8,0.01000000,0.00100000,0.00000000,0.00100000,0.00000000,922327.00000000,82.96502083,5.00000000,101.36000000,101.23000000,2025-09-16 20:20:41
VETUSDC,VET,USDC,8,8,0.00001000,0.10000000,0.00000000,0.10000000,0.00000000,9000000.00000000,1017332.01882845,5.00000000,0.02447000,0.02446000,2025-09-16 20:20:41
ZENUSDC,ZEN,USDC,8,8,0.00100000,0.01000000,0.00000000,0.01000000,0.00000000,900000.00000000,2013.24895833,5.00000000,7.37100000,7.36200000,2025-09-16 20:20:41
BABYUSDC,BABY,USDC,8,8,0.00001000,1.00000000,0.00000000,1.00000000,0.00000000,913205152.00000000,577250.43096234,5.00000000,0.05249000,0.05240000,2025-09-16 20:20:41
ONDOUSDC,ONDO,USDC,8,8,0.00010000,0.10000000,0.00000000,0.10000000,0.00000000,913205152.00000000,106038.03891213,5.00000000,1.03080000,1.03070000,2025-09-16 20:20:41
BIGTIMEUSDC,BIGTIME,USDC,8,8,0.00001000,1.00000000,0.00000000,1.00000000,0.00000000,8384883677.00000000,579334.75313807,5.00000000,0.05318000,0.05317000,2025-09-16 20:20:41
VIRTUALUSDC,VIRTUAL,USDC,8,8,0.00010000,0.10000000,0.00000000,0.10000000,0.00000000,913205152.00000000,38155.70292887,5.00000000,1.25240000,1.25220000,2025-09-16 20:20:41
KERNELBNB,KERNEL,BNB,8,8,0.00000010,0.10000000,0.00000000,0.10000000,0.00000000,46116860414.00000000,40379.45690376,0.01000000,0.00020030,0.00019990,2025-09-16 20:20:41
KERNELUSDC,KERNEL,USDC,8,8,0.00010000,0.10000000,0.00000000,0.10000000,0.00000000,913205152.00000000,147086.84644351,5.00000000,0.19100000,0.19090000,2025-09-16 20:20:41
WCTBNB,WCT,BNB,8,8,0.00000010,0.10000000,0.00000000,0.10000000,0.00000000,46116860414.00000000,15042.77071129,0.01000000,0.00033060,0.00032980,2025-09-16 20:20:41
WCTUSDC,WCT,USDC,8,8,0.00010000,0.10000000,0.00000000,0.10000000,0.00000000,913205152.00000000,105085.31583333,5.00000000,0.31500000,0.31490000,2025-09-16 20:20:41
ACHUSDC,ACH,USDC,8,8,0.00001000,1.00000000,0.00000000,1.00000000,0.00000000,92141578.00000000,922168.72803347,5.00000000,0.01999000,0.01996000,2025-09-16 20:20:41
GMTUSDC,GMT,USDC,8,8,0.00010000,0.10000000,0.00000000,0.10000000,0.00000000,92141578.00000000,627925.59665271,5.00000000,0.04240000,0.04230000,2025-09-16 20:20:41
HYPERUSDC,HYPER,USDC,8,8,0.00010000,0.10000000,0.00000000,0.10000000,0.00000000,92141578.00000000,109794.72384937,5.00000000,0.31240000,0.31200000,2025-09-16 20:20:41
HYPERBNB,HYPER,BNB,8,8,0.00000010,0.10000000,0.00000000,0.10000000,0.00000000,46116860414.00000000,8867.43640167,0.01000000,0.00032840,0.00032550,2025-09-16 20:20:41
INITUSDC,INIT,USDC,8,8,0.00010000,0.10000000,0.00000000,0.10000000,0.00000000,92141578.00000000,26043.67824267,5.00000000,0.36010000,0.36000000,2025-09-16 20:20:41
INITBNB,INIT,BNB,8,8,0.00000100,0.10000000,0.00000000,0.10000000,0.00000000,46116860414.00000000,14913.24309623,0.01000000,0.00038000,0.00037600,2025-09-16 20:20:41
SIGNUSDC,SIGN,USDC,8,8,0.00001000,1.00000000,0.00000000,1.00000000,0.00000000,913205152.00000000,186171.51464435,5.00000000,0.07597000,0.07589000,2025-09-16 20:20:41
SIGNBNB,SIGN,BNB,8,8,0.00000001,1.00000000,0.00000000,1.00000000,0.00000000,46116860414.00000000,239727.71129707,0.01000000,0.00007961,0.00007947,2025-09-16 20:20:41
STOUSDC,STO,USDC,8,8,0.00010000,0.10000000,0.00000000,0.10000000,0.00000000,913205152.00000000,130629.02552301,5.00000000,0.09060000,0.09030000,2025-09-16 20:20:41
ENJUSDC,ENJ,USDC,8,8,0.00010000,0.10000000,0.00000000,0.10000000,0.00000000,900000.00000000,152874.21841004,5.00000000,0.06990000,0.06980000,2025-09-16 20:20:41
SYRUPUSDC,SYRUP,USDC,8,8,0.00010000,0.10000000,0.00000000,0.10000000,0.00000000,913205152.00000000,199201.50502092,5.00000000,0.44070000,0.44050000,2025-09-16 20:20:41
KMNOUSDC,KMNO,USDC,8,8,0.00001000,1.00000000,0.00000000,1.00000000,0.00000000,913205152.00000000,1130432.18828451,5.00000000,0.06684000,0.06680000,2025-09-16 20:20:41
SXTUSDC,SXT,USDC,8,8,0.00010000,0.10000000,0.00000000,0.10000000,0.00000000,913205152.00000000,182194.77750000,5.00000000,0.07970000,0.07960000,2025-09-16 20:20:41
PUNDIXUSDC,PUNDIX,USDC,8,8,0.00010000,0.10000000,0.00000000,0.10000000,0.00000000,9222449.00000000,83465.08410041,5.00000000,0.31990000,0.31930000,2025-09-16 20:20:41
NXPCUSDC,NXPC,USDC,8,8,0.00010000,0.10000000,0.00000000,0.10000000,0.00000000,913205152.00000000,9789.89121338,5.00000000,0.67930000,0.67910000,2025-09-16 20:20:41
NXPCBNB,NXPC,BNB,8,8,0.00000001,0.10000000,0.00000000,0.10000000,0.00000000,46116860414.00000000,813.02761506,0.01000000,0.00071275,0.00071109,2025-09-16 20:20:41
AWEBTC,AWE,BTC,8,8,0.00000001,1.00000000,0.00000000,1.00000000,0.00000000,46116860414.00000000,237583.04602510,0.00010000,0.00000063,0.00000061,2025-09-16 20:20:41
HAEDALUSDC,HAEDAL,USDC,8,8,0.00010000,0.10000000,0.00000000,0.10000000,0.00000000,913205152.00000000,137753.08953974,5.00000000,0.14570000,0.14560000,2025-09-16 20:20:41
HAEDALBNB,HAEDAL,BNB,8,8,0.00000010,0.10000000,0.00000000,0.10000000,0.00000000,46116860414.00000000,24318.79414225,0.01000000,0.00015320,0.00015160,2025-09-16 20:20:41
HUMAUSDC,HUMA,USDC,8,8,0.00001000,1.00000000,0.00000000,1.00000000,0.00000000,913205152.00000000,431718.13389121,5.00000000,0.02620000,0.02618000,2025-09-16 20:20:41
HUMABNB,HUMA,BNB,8,8,0.00000001,1.00000000,0.00000000,1.00000000,0.00000000,46116860414.00000000,163385.94560669,0.01000000,0.00002750,0.00002740,2025-09-16 20:20:41
ABTC,A,BTC,8,8,0.00000001,0.10000000,0.00000000,0.10000000,0.00000000,46116860414.00000000,175236.36108786,0.00010000,0.00000408,0.00000407,2025-09-16 20:20:41
AETH,A,ETH,8,8,0.00000010,0.10000000,0.00000000,0.10000000,0.00000000,92141578.00000000,7906.90878661,0.00100000,0.00010580,0.00010520,2025-09-16 20:20:41
AUSDC,A,USDC,8,8,0.00010000,0.10000000,0.00000000,0.10000000,0.00000000,92141578.00000000,54127.18451882,5.00000000,0.47550000,0.47520000,2025-09-16 20:20:41
SOPHUSDC,SOPH,USDC,8,8,0.00001000,1.00000000,0.00000000,1.00000000,0.00000000,913205152.00000000,396874.46443514,5.00000000,0.03106000,0.03103000,2025-09-16 20:20:41
RESOLVUSDC,RESOLV,USDC,8,8,0.00010000,0.10000000,0.00000000,0.10000000,0.00000000,913205152.00000000,69594.45815899,5.00000000,0.14800000,0.14780000,2025-09-16 20:20:41
RESOLVBNB,RESOLV,BNB,8,8,0.00000010,0.10000000,0.00000000,0.10000000,0.00000000,46116860414.00000000,28494.29665271,0.01000000,0.00015660,0.00015370,2025-09-16 20:20:41
HOMEUSDC,HOME,USDC,8,8,0.00001000,1.00000000,0.00000000,1.00000000,0.00000000,913205152.00000000,222534.56066945,5.00000000,0.03700000,0.03696000,2025-09-16 20:20:41
HOMEBNB,HOME,BNB,8,8,0.00000001,1.00000000,0.00000000,1.00000000,0.00000000,46116860414.00000000,26324.73333333,0.01000000,0.00003906,0.00003856,2025-09-16 20:20:41
FLUXUSDC,FLUX,USDC,8,8,0.00010000,0.01000000,0.00000000,0.01000000,0.00000000,92141578.00000000,137605.35259414,5.00000000,0.20890000,0.20870000,2025-09-16 20:20:41
MASKUSDC,MASK,USDC,8,8,0.00100000,0.10000000,0.00000000,0.10000000,0.00000000,9222449.00000000,11425.46527196,5.00000000,1.26600000,1.26400000,2025-09-16 20:20:41
SUSHIUSDC,SUSHI,USDC,8,8,0.00010000,0.10000000,0.00000000,0.10000000,0.00000000,92141578.00000000,37142.71129707,5.00000000,0.79350000,0.79260000,2025-09-16 20:20:41
SPKUSDC,SPK,USDC,8,8,0.00000100,1.00000000,0.00000000,1.00000000,0.00000000,913205152.00000000,640056.10460251,5.00000000,0.05992600,0.05988900,2025-09-16 20:20:41
SPKBNB,SPK,BNB,8,8,0.00000001,1.00000000,0.00000000,1.00000000,0.00000000,46116860414.00000000,37171.64435146,0.01000000,0.00006344,0.00006246,2025-09-16 20:20:41
NEWTUSDC,NEWT,USDC,8,8,0.00010000,0.10000000,0.00000000,0.10000000,0.00000000,92141578.00000000,80484.63556485,5.00000000,0.25490000,0.25460000,2025-09-16 20:20:41
NEWTBNB,NEWT,BNB,8,8,0.00000001,0.10000000,0.00000000,0.10000000,0.00000000,46116860414.00000000,16753.35523012,0.01000000,0.00026906,0.00026534,2025-09-16 20:20:41
SAHARAUSDC,SAHARA,USDC,8,8,0.00001000,1.00000000,0.00000000,1.00000000,0.00000000,913205152.00000000,222696.02510460,5.00000000,0.08804000,0.08794000,2025-09-16 20:20:41
SAHARABNB,SAHARA,BNB,8,8,0.00000001,1.00000000,0.00000000,1.00000000,0.00000000,46116860414.00000000,16380.00000000,0.01000000,0.00009262,0.00009050,2025-09-16 20:20:41
LPTUSDC,LPT,USDC,8,8,0.00100000,0.01000000,0.00000000,0.01000000,0.00000000,9222440.00000000,2541.80405857,5.00000000,6.82800000,6.82300000,2025-09-16 20:20:41
RVNUSDC,RVN,USDC,8,8,0.00001000,0.10000000,0.00000000,0.10000000,0.00000000,9000000.00000000,1439118.31715481,5.00000000,0.01320000,0.01319000,2025-09-16 20:20:41
LAUSDC,LA,USDC,8,8,0.00010000,0.10000000,0.00000000,0.10000000,0.00000000,92141578.00000000,14651.96416666,5.00000000,0.36990000,0.36830000,2025-09-16 20:20:41
LABNB,LA,BNB,8,8,0.00000010,0.10000000,0.00000000,0.10000000,0.00000000,46116860414.00000000,958.16861924,0.01000000,0.00039020,0.00038100,2025-09-16 20:20:41
XAIUSDC,XAI,USDC,8,8,0.00010000,0.10000000,0.00000000,0.10000000,0.00000000,92141578.00000000,383907.96987447,5.00000000,0.05080000,0.05060000,2025-09-16 20:20:41
AXSUSDC,AXS,USDC,8,8,0.00100000,0.01000000,0.00000000,0.01000000,0.00000000,900000.00000000,11153.19694560,5.00000000,2.47300000,2.47000000,2025-09-16 20:20:41
COMPUSDC,COMP,USDC,8,8,0.01000000,0.00100000,0.00000000,0.00100000,0.00000000,90000.00000000,282.55749790,5.00000000,44.94000000,44.79000000,2025-09-16 20:20:41
ERAUSDC,ERA,USDC,8,8,0.00010000,0.10000000,0.00000000,0.10000000,0.00000000,913205152.00000000,34167.04000000,5.00000000,0.72230000,0.72150000,2025-09-16 20:20:41
ERABNB,ERA,BNB,8,8,0.00000001,0.10000000,0.00000000,0.10000000,0.00000000,46116860414.00000000,29843.98535564,0.01000000,0.00076028,0.00075118,2025-09-16 20:20:41
CUSDC,C,USDC,8,8,0.00010000,0.10000000,0.00000000,0.10000000,0.00000000,913205152.00000000,70902.28368200,5.00000000,0.25650000,0.25630000,2025-09-16 20:20:41
CBNB,C,BNB,8,8,0.00000001,0.10000000,0.00000000,0.10000000,0.00000000,46116860414.00000000,24104.96443514,0.01000000,0.00027023,0.00026729,2025-09-16 20:20:41
GRTUSDC,GRT,USDC,8,8,0.00010000,1.00000000,0.00000000,1.00000000,0.00000000,900000.00000000,247923.22500000,5.00000000,0.09540000,0.09520000,2025-09-16 20:20:41
ROSEUSDC,ROSE,USDC,8,8,0.00001000,0.10000000,0.00000000,0.10000000,0.00000000,9000000.00000000,2067189.68333333,5.00000000,0.02837000,0.02834000,2025-09-16 20:20:41
CVXUSDC,CVX,USDC,8,8,0.00100000,0.00100000,0.00000000,0.00100000,0.00000000,9222449.00000000,3716.42821250,5.00000000,3.40600000,3.40200000,2025-09-16 20:20:41
FUNUSDC,FUN,USDC,8,8,0.00000100,1.00000000,0.00000000,1.00000000,0.00000000,92141578.00000000,1430903.12970711,5.00000000,0.00951100,0.00947400,2025-09-16 20:20:41
LISTAUSDC,LISTA,USDC,8,8,0.00010000,0.10000000,0.00000000,0.10000000,0.00000000,92141578.00000000,48821.13389121,5.00000000,0.25720000,0.25660000,2025-09-16 20:20:41
TREEUSDC,TREE,USDC,8,8,0.00010000,0.10000000,0.00000000,0.10000000,0.00000000,92141578.00000000,75184.95271966,5.00000000,0.31350000,0.31340000,2025-09-16 20:20:41
TREEBNB,TREE,BNB,8,8,0.00000010,0.10000000,0.00000000,0.10000000,0.00000000,46116860414.00000000,38324.54560669,0.01000000,0.00033030,0.00032680,2025-09-16 20:20:41
TOWNSUSDC,TOWNS,USDC,8,8,0.00001000,1.00000000,0.00000000,1.00000000,0.00000000,913205152.00000000,1344814.68200836,5.00000000,0.02793000,0.02790000,2025-09-16 20:20:41
TOWNSBNB,TOWNS,BNB,8,8,0.00000001,1.00000000,0.00000000,1.00000000,0.00000000,46116860414.00000000,69420.50627615,0.01000000,0.00002943,0.00002905,2025-09-16 20:20:41
PROVEUSDC,PROVE,USDC,8,8,0.00010000,0.10000000,0.00000000,0.10000000,0.00000000,92141578.00000000,128323.78033472,5.00000000,0.90920000,0.90870000,2025-09-16 20:20:41
PROVEBNB,PROVE,BNB,8,8,0.00000001,0.10000000,0.00000000,0.10000000,0.00000000,46116860414.00000000,24965.54811715,0.01000000,0.00095935,0.00094501,2025-09-16 20:20:41
ILVUSDC,ILV,USDC,8,8,0.01000000,0.00100000,0.00000000,0.00100000,0.00000000,922327.00000000,975.39176569,5.00000000,14.77000000,14.74000000,2025-09-16 20:20:41
MAGICUSDC,MAGIC,USDC,8,8,0.00010000,0.10000000,0.00000000,0.10000000,0.00000000,92141578.00000000,64643.75397489,5.00000000,0.20840000,0.20810000,2025-09-16 20:20:41
PLUMEUSDC,PLUME,USDC,8,8,0.00001000,1.00000000,0.00000000,1.00000000,0.00000000,92141578.00000000,196236.70292887,5.00000000,0.12188000,0.12185000,2025-09-16 20:20:41
PLUMEBNB,PLUME,BNB,8,8,0.00000001,1.00000000,0.00000000,1.00000000,0.00000000,46116860414.00000000,18132.84100418,0.01000000,0.00012773,0.00012733,2025-09-16 20:20:41
CYBERUSDC,CYBER,USDC,8,8,0.00100000,0.01000000,0.00000000,0.01000000,0.00000000,92141578.00000000,11332.24845188,5.00000000,1.77600000,1.77200000,2025-09-16 20:20:41
MAVUSDC,MAV,USDC,8,8,0.00001000,1.00000000,0.00000000,1.00000000,0.00000000,92141578.00000000,341668.36820083,5.00000000,0.06754000,0.06750000,2025-09-16 20:20:41
SKLUSDC,SKL,USDC,8,8,0.00001000,1.00000000,0.00000000,1.00000000,0.00000000,9000000.00000000,176954.41422594,5.00000000,0.02788000,0.02782000,2025-09-16 20:20:41
A2ZUSDC,A2Z,USDC,8,8,0.00000100,1.00000000,0.00000000,1.00000000,0.00000000,8384883677.00000000,2306627.43096234,5.00000000,0.00618800,0.00615800,2025-09-16 20:20:41
SSVUSDC,SSV,USDC,8,8,0.00100000,0.00100000,0.00000000,0.00100000,0.00000000,9222449.00000000,1838.30615899,5.00000000,9.35400000,9.35200000,2025-09-16 20:20:41
UMAUSDC,UMA,USDC,8,8,0.00100000,0.10000000,0.00000000,0.10000000,0.00000000,90000.00000000,9517.57280334,5.00000000,1.33400000,1.33200000,2025-09-16 20:20:41
DOLOUSDC,DOLO,USDC,8,8,0.00010000,0.10000000,0.00000000,0.10000000,0.00000000,913205152.00000000,238078.59539748,5.00000000,0.17000000,0.16990000,2025-09-16 20:20:41
DOLOBNB,DOLO,BNB,8,8,0.00000001,0.10000000,0.00000000,0.10000000,0.00000000,46116860414.00000000,31049.25732217,0.01000000,0.00017994,0.00006549,2025-09-16 20:20:41
MITOUSDC,MITO,USDC,8,8,0.00010000,0.10000000,0.00000000,0.10000000,0.00000000,913205152.00000000,104654.36443514,5.00000000,0.26600000,0.26570000,2025-09-16 20:20:41
MITOBNB,MITO,BNB,8,8,0.00000001,0.10000000,0.00000000,0.10000000,0.00000000,46116860414.00000000,9643.21171548,0.01000000,0.00027912,0.00027752,2025-09-16 20:20:41
WLFIUSDC,WLFI,USDC,2,8,0.00010000,0.10,0.00,0.10,0.00,913205152.00,655430.94,5.00000000,0.22150000,0.22140000,2025-09-16 20:20:41
BFUSDUSDC,BFUSD,USDC,8,8,0.00010000,1.00000000,0.00000000,1.00000000,0.00000000,10000000.00000000,1181717.24267782,5.00000000,1.00020000,0.99970000,2025-09-16 20:20:41
NMRUSDC,NMR,USDC,8,8,0.01000000,0.01000000,0.00000000,0.01000000,0.00000000,90000.00000000,943.68493723,5.00000000,17.13000000,17.10000000,2025-09-16 20:20:41
QTUMUSDC,QTUM,USDC,8,8,0.00100000,0.10000000,0.00000000,0.10000000,0.00000000,90000.00000000,5614.68200836,5.00000000,2.43500000,2.43300000,2025-09-16 20:20:41
SOMIUSDC,SOMI,USDC,8,8,0.00010000,0.10000000,0.00000000,0.10000000,0.00000000,913205152.00000000,60932.88117154,5.00000000,1.39740000,1.39600000,2025-09-16 20:20:41
SOMIBNB,SOMI,BNB,8,8,0.00000001,0.10000000,0.00000000,0.10000000,0.00000000,46116860414.00000000,3084.82301255,0.01000000,0.00146570,0.00146297,2025-09-16 20:20:41
OPENUSDC,OPEN,USDC,8,8,0.00010000,0.10000000,0.00000000,0.10000000,0.00000000,92141578.00000000,58846.93263598,5.00000000,0.88640000,0.88620000,2025-09-16 20:20:41
OPENBNB,OPEN,BNB,8,8,0.00000010,0.10000000,0.00000000,0.10000000,0.00000000,46116860414.00000000,2588.22217573,0.01000000,0.00093100,0.00092840,2025-09-16 20:20:41
USDEUSDC,USDE,USDC,8,8,0.00010000,1.00000000,0.00000000,1.00000000,0.00000000,10000000.00000000,790788.96652719,5.00000000,1.00120000,1.00110000,2025-09-16 20:20:41
LINEAUSDC,LINEA,USDC,8,8,0.00001000,1.00000000,0.00000000,1.00000000,0.00000000,913205152.00000000,3143050.95815899,5.00000000,0.02570000,0.02569000,2025-09-16 20:20:41
LINEABNB,LINEA,BNB,8,8,0.00000001,1.00000000,0.00000000,1.00000000,0.00000000,46116860414.00000000,1550191.38912133,0.01000000,0.00002696,0.00002691,2025-09-16 20:20:41
HOLOUSDC,HOLO,USDC,8,8,0.00010000,0.10000000,0.00000000,0.10000000,0.00000000,913205152.00000000,224599.65146443,5.00000000,0.39020000,0.38990000,2025-09-16 20:20:41
HOLOBNB,HOLO,BNB,8,8,0.00000001,0.10000000,0.00000000,0.10000000,0.00000000,46116860414.00000000,23893.77154811,0.01000000,0.00040889,0.00040683,2025-09-16 20:20:41
PUMPUSDC,PUMP,USDC,2,8,0.00000100,1.00,0.00,1.00,0.00,913205152.00,12887615.15,5.00000000,0.00838000,0.00837300,2025-09-16 20:20:41
AVNTUSDC,AVNT,USDC,8,8,0.00010000,0.10000000,0.00000000,0.10000000,0.00000000,92141578.00000000,110173.44811715,5.00000000,0.96680000,0.96640000,2025-09-16 20:20:41
ZKCUSDC,ZKC,USDC,8,8,0.00010000,0.10000000,0.00000000,0.10000000,0.00000000,92141578.00000000,51329.57782426,5.00000000,0.76980000,0.76940000,2025-09-16 20:20:41
ZKCBNB,ZKC,BNB,8,8,0.00000010,0.10000000,0.00000000,0.10000000,0.00000000,46116860414.00000000,3427.42928870,0.01000000,0.00080820,0.00080400,2025-09-16 20:20:41
